',test_c
a,a
able,able
about,about
above,above
according,according
accordingly,accordingly
across,across
actually,actually
after,after
afterwards,afterwards
again,again
against,against
ain't,ain't
all,all
allow,allow
allows,allows
almost,almost
alone,alone
along,along
already,already
also,also
although,although
always,always
am,am
among,among
amongst,amongst
an,an
an',an'
and,and
another,another
any,any
anybody,anybody
anyhow,anyhow
anyone,anyone
anything,anything
anyway,anyway
anyways,anyways
anywhere,anywhere
apart,apart
appear,appear
appreciate,appreciate
appropriate,appropriate
are,are
aren't,aren't
around,around
as,as
aside,aside
ask,ask
asking,asking
associated,associated
at,at
available,available
away,away
awfully,awfully
b,b
be,be
became,became
because,because
become,become
becomes,becomes
becoming,becoming
been,been
before,before
beforehand,beforehand
behind,behind
being,being
believe,believe
below,below
beside,beside
besides,besides
best,best
better,better
between,between
beyond,beyond
both,both
brief,brief
but,but
by,by
c,c
c'mon,c'mon
came,came
can,can
can't,can't
cannot,cannot
cant,cant
cause,cause
causes,causes
certain,certain
certainly,certainly
changes,changes
clearly,clearly
co,co
com,com
come,come
comes,comes
concerning,concerning
consequently,consequently
consider,consider
considering,considering
contain,contain
containing,containing
contains,contains
corresponding,corresponding
could,could
couldn't,couldn't
course,course
currently,currently
d,d
definitely,definitely
described,described
despite,despite
did,did
didn't,didn't
different,different
do,do
does,does
doesn't,doesn't
doing,doing
don't,don't
done,done
down,down
downwards,downwards
during,during
e,e
each,each
edu,edu
eg,eg
eight,eight
either,either
else,else
elsewhere,elsewhere
enough,enough
entirely,entirely
especially,especially
et,et
etc,etc
even,even
ever,ever
every,every
everybody,everybody
everyone,everyone
everything,everything
everywhere,everywhere
ex,ex
exactly,exactly
example,example
except,except
f,f
far,far
few,few
fifth,fifth
first,first
five,five
followed,followed
following,following
follows,follows
for,for
former,former
formerly,formerly
forth,forth
four,four
from,from
further,further
furthermore,furthermore
g,g
get,get
gets,gets
getting,getting
given,given
gives,gives
go,go
goes,goes
going,going
gone,gone
got,got
gotten,gotten
greetings,greetings
h,h
had,had
hadn't,hadn't
happens,happens
hardly,hardly
has,has
hasn't,hasn't
have,have
haven't,haven't
having,having
he,he
he's,he's
hello,hello
help,help
hence,hence
her,her
here,here
here's,here's
hereafter,hereafter
hereby,hereby
herein,herein
hereupon,hereupon
hers,hers
herself,herself
hi,hi
him,him
himself,himself
his,his
hither,hither
hopefully,hopefully
how,how
howbeit,howbeit
however,however
i,i
i'd,i'd
i'll,i'll
i'm,i'm
i've,i've
ie,ie
if,if
ignored,ignored
immediate,immediate
in,in
inasmuch,inasmuch
inc,inc
indeed,indeed
indicate,indicate
indicated,indicated
indicates,indicates
inner,inner
insofar,insofar
instead,instead
into,into
inward,inward
is,is
isn't,isn't
it,it
it'd,it'd
it'll,it'll
it's,it's
its,its
itself,itself
j,j
just,just
k,k
keep,keep
keeps,keeps
kept,kept
know,know
knows,knows
known,known
l,l
last,last
lately,lately
later,later
latter,latter
latterly,latterly
least,least
less,less
lest,lest
let,let
let's,let's
like,like
liked,liked
likely,likely
little,little
look,look
looking,looking
looks,looks
ltd,ltd
m,m
mainly,mainly
many,many
may,may
maybe,maybe
me,me
mean,mean
meanwhile,meanwhile
merely,merely
might,might
more,more
moreover,moreover
most,most
mostly,mostly
much,much
must,must
my,my
myself,myself
n,n
name,name
namely,namely
nd,nd
near,near
nearly,nearly
necessary,necessary
need,need
needs,needs
neither,neither
never,never
nevertheless,nevertheless
new,new
next,next
nine,nine
no,no
nobody,nobody
non,non
none,none
noone,noone
nor,nor
normally,normally
not,not
nothing,nothing
novel,novel
now,now
nowhere,nowhere
o,o
o',o'
obviously,obviously
of,of
off,off
often,often
oh,oh
ok,ok
okay,okay
old,old
on,on
once,once
one,one
ones,ones
only,only
onto,onto
or,or
other,other
others,others
otherwise,otherwise
ought,ought
our,our
ours,ours
ourselves,ourselves
out,out
outside,outside
over,over
overall,overall
own,own
p,p
particular,particular
particularly,particularly
per,per
perhaps,perhaps
placed,placed
please,please
plus,plus
possible,possible
presumably,presumably
probably,probably
provides,provides
q,q
que,que
quite,quite
qv,qv
r,r
rather,rather
rd,rd
re,re
really,really
reasonably,reasonably
regarding,regarding
regardless,regardless
regards,regards
relatively,relatively
respectively,respectively
right,right
s,s
said,said
same,same
saw,saw
say,say
saying,saying
says,says
second,second
secondly,secondly
see,see
seeing,seeing
seem,seem
seemed,seemed
seeming,seeming
seems,seems
seen,seen
self,self
selves,selves
sensible,sensible
sent,sent
serious,serious
seriously,seriously
seven,seven
several,several
shall,shall
she,she
should,should
shouldn't,shouldn't
since,since
six,six
so,so
some,some
somebody,somebody
somehow,somehow
someone,someone
something,something
sometime,sometime
sometimes,sometimes
somewhat,somewhat
somewhere,somewhere
soon,soon
sorry,sorry
specified,specified
specify,specify
specifying,specifying
still,still
sub,sub
such,such
sup,sup
sure,sure
t,t
'tain't,'tain't
t's,t's
take,take
taken,taken
tell,tell
tends,tends
th,th
than,than
thank,thank
thanks,thanks
thanx,thanx
that,that
that's,that's
thats,thats
the,the
their,their
theirs,theirs
them,them
themselves,themselves
then,then
thence,thence
there,there
there's,there's
thereafter,thereafter
thereby,thereby
therefore,therefore
therein,therein
theres,theres
thereupon,thereupon
these,these
they,they
they'd,they'd
they'll,they'll
they're,they're
they've,they've
thing,thing
think,think
third,third
this,this
thorough,thorough
thoroughly,thoroughly
those,those
though,though
three,three
through,through
throughout,throughout
thru,thru
thus,thus
to,to
together,together
too,too
took,took
toward,toward
towards,towards
tried,tried
tries,tries
truly,truly
try,try
trying,trying
twice,twice
two,two
u,u
un,un
under,under
unfortunately,unfortunately
unless,unless
unlikely,unlikely
until,until
unto,unto
up,up
upon,upon
us,us
use,use
used,used
useful,useful
uses,uses
using,using
usually,usually
v,v
value,value
various,various
very,very
via,via
viz,viz
vs,vs
w,w
want,want
wants,wants
was,was
wasn't,wasn't
way,way
we,we
we'd,we'd
we'll,we'll
we're,we're
we've,we've
welcome,welcome
well,well
went,went
were,were
weren't,weren't
what,what
what's,what's
whatever,whatever
when,when
whence,whence
whenever,whenever
where,where
where's,where's
whereafter,whereafter
whereas,whereas
whereby,whereby
wherein,wherein
whereupon,whereupon
wherever,wherever
whether,whether
which,which
while,while
whither,whither
who,who
who's,who's
whoever,whoever
whole,whole
whom,whom
whose,whose
why,why
will,will
willing,willing
wish,wish
with,with
within,within
without,without
won't,won't
wonder,wonder
would,would
wouldn't,wouldn't
x,x
y,y
yes,yes
yet,yet
you,you
you'd,you'd
you'll,you'll
you're,you're
you've,you've
your,your
yours,yours
yourself,yourself
yourselves,yourselves
z,z
zero,zero
'tis,'tis
'twas,'twas
a,a
could've,could've
dear,dear
he'd,he'd
he'll,he'll
how'd,how'd
how'll,how'll
how's,how's
might've,might've
mightn't,mightn't
must've,must've
mustn't,mustn't
shan't,shan't
she'd,she'd
she'll,she'll
she's,she's
should've,should've
that'll,that'll
tis,tis
twas,twas
what'd,what'd
when'd,when'd
when'll,when'll
when's,when's
where'd,where'd
where'll,where'll
who'd,who'd
who'll,who'll
why'd,why'd
why'll,why'll
why's,why's
would've,would've
0,0
1,1
2,2
3,3
4,4
5,5
6,6
7,7
8,8
9,9
a,a
aaron,aaron
abbey,abbey
abbie,abbie
abdul,abdul
abe,abe
across,across
abel,abel
abigail,abigail
about,about
above,above
abraham,abraham
abram,abram
abst,abst
accordance,accordance
according,according
act,act
actually,actually
ada,ada
adah,adah
adalberto,adalberto
adaline,adaline
adam,adam
adan,adan
added,added
among,among
addie,addie
adela,adela
adelaida,adelaida
adelaide,adelaide
adele,adele
adelia,adelia
adelina,adelina
adeline,adeline
adell,adell
adella,adella
adelle,adelle
adena,adena
adina,adina
adj,adj
adolfo,adolfo
adolph,adolph
adopted,adopted
adria,adria
adrian,adrian
adriana,adriana
adriane,adriane
adrianna,adrianna
adrien,adrien
adrienne,adrienne
after,after
afterwards,afterwards
afton,afton
again,again
against,against
agatha,agatha
agnes,agnes
agnus,agnus
agueda,agueda
agustina,agustina
ahmad,ahmad
ahmed,ahmed
ai,ai
aida,aida
besides,besides
aide,aide
aiko,aiko
aileen,aileen
ailene,ailene
aimee,aimee
aja,aja
akilah,akilah
al,al
alaina,alaina
alaine,alaine
alan,alan
alana,alana
alane,alane
alanna,alanna
alayna,alayna
alba,alba
albert,albert
alberta,alberta
albertha,albertha
albertina,albertina
albertine,albertine
alberto,alberto
albina,albina
alda,alda
alden,alden
aldo,aldo
alease,alease
alec,alec
alecia,alecia
e,e
aleen,aleen
aleisha,aleisha
eg,eg
alejandra,alejandra
alejandrina,alejandrina
alejandro,alejandro
alena,alena
elsewhere,elsewhere
alene,alene
alesha,alesha
aleshia,aleshia
alesia,alesia
alessandra,alessandra
aleta,aleta
aletha,aletha
everywhere,everywhere
alethea,alethea
alethia,alethia
alex,alex
alexander,alexander
alexandria,alexandria
alexia,alexia
alexis,alexis
alfonso,alfonso
alfonzo,alfonzo
alfred,alfred
alfreda,alfreda
alfredia,alfredia
alfredo,alfredo
ali,ali
alia,alia
alica,alica
alice,alice
alicia,alicia
alida,alida
alina,alina
alisa,alisa
alise,alise
had,had
alisha,alisha
alishia,alishia
alisia,alisia
alison,alison
alissa,alissa
alita,alita
alix,alix
aliza,aliza
all,all
alla,alla
allan,allan
alleen,alleen
allegra,allegra
allen,allen
allena,allena
allene,allene
allie,allie
alline,alline
allison,allison
allyn,allyn
allyson,allyson
alma,alma
hop,hop
almeda,almeda
almeta,almeta
almost,almost
alona,alona
alone,alone
along,along
alonso,alonso
alonzo,alonzo
alpha,alpha
alphonse,alphonse
alphonso,alphonso
already,already
also,also
alta,alta
altagracia,altagracia
altha,altha
althea,althea
although,although
alton,alton
alva,alva
alvaro,alvaro
alvera,alvera
alverta,alverta
alvin,alvin
alvina,alvina
always,always
alyce,alyce
alycia,alycia
alysa,alysa
alyse,alyse
alysha,alysha
alysia,alysia
alyson,alyson
alyssa,alyssa
am,am
amado,amado
amal,amal
amalia,amalia
amanda,amanda
amber,amber
amberly,amberly
ambrose,ambrose
amee,amee
amelia,amelia
long,long
america,america
m,m
ami,ami
amie,amie
amiee,amiee
amina,amina
may,may
amira,amira
ammie,ammie
amongst,amongst
amos,amos
might,might
amparo,amparo
amy,amy
an,an
ana,ana
anabel,anabel
anamaria,anamaria
anastacia,anastacia
anastasia,anastasia
and,and
andera,andera
anderson,anderson
andra,andra
andre,andre
na,na
andrea,andrea
andreas,andreas
andres,andres
andrew,andrew
andria,andria
andy,andy
anette,anette
angel,angel
angela,angela
angele,angele
angelena,angelena
angeles,angeles
angelia,angelia
angelic,angelic
angelica,angelica
angelina,angelina
angeline,angeline
angelique,angelique
angelita,angelita
angella,angella
angelo,angelo
angelyn,angelyn
angie,angie
angila,angila
angla,angla
angle,angle
anglea,anglea
anh,anh
anibal,anibal
anika,anika
anisha,anisha
anissa,anissa
anita,anita
anitra,anitra
anjanette,anjanette
anjelica,anjelica
ann,ann
anna,anna
annabel,annabel
annabell,annabell
annabelle,annabelle
overall,overall
annalee,annalee
annalisa,annalisa
annamae,annamae
annamaria,annamaria
annamarie,annamarie
anne,anne
anneliese,anneliese
annelle,annelle
annemarie,annemarie
put,put
annetta,annetta
annice,annice
annie,annie
rather,rather
annika,annika
annis,annis
annmarie,annmarie
announce,announce
another,another
answered,answered
anthony,anthony
antione,antione
antionette,antionette
antoine,antoine
anton,anton
antone,antone
antonetta,antonetta
antonette,antonette
antonia,antonia
antonietta,antonietta
antonina,antonina
antonio,antonio
antony,antony
antwan,antwan
any,any
anya,anya
anyhow,anyhow
anyone,anyone
anything,anything
anywhere,anywhere
apolonia,apolonia
april,april
apryl,apryl
ara,ara
should,should
araceli,araceli
aracelis,aracelis
aracely,aracely
arcelia,arcelia
archie,archie
ardath,ardath
ardelia,ardelia
ardell,ardell
ardella,ardella
ardelle,ardelle
arden,arden
ardis,ardis
ardith,ardith
are,are
aren,aren
arent,arent
aretha,aretha
argelia,argelia
argentina,argentina
ariana,ariana
arianna,arianna
arianne,arianne
arica,arica
arie,arie
ariel,ariel
arielle,arielle
arla,arla
arlean,arlean
arleen,arleen
arlen,arlen
there,there
arlena,arlena
arlene,arlene
arletha,arletha
arletta,arletta
arlette,arlette
arlie,arlie
arlinda,arlinda
arline,arline
arlyne,arlyne
armand,armand
armanda,armanda
they,they
armandina,armandina
armando,armando
armida,armida
arminda,arminda
arnetta,arnetta
arnette,arnette
arnita,arnita
arnold,arnold
arnoldo,arnoldo
arnulfo,arnulfo
around,around
arron,arron
three,three
art,art
arthur,arthur
artie,artie
arturo,arturo
arvilla,arvilla
as,as
asa,asa
asha,asha
ashanti,ashanti
ashely,ashely
ashlea,ashlea
toward,toward
ashlee,ashlee
ashleigh,ashleigh
ashley,ashley
ashli,ashli
ashlie,ashlie
ashly,ashly
ashlyn,ashlyn
asia,asia
ask,ask
unlikely,unlikely
asked,asked
asley,asley
assunta,assunta
astrid,astrid
ups,ups
at,at
athena,athena
aubrey,aubrey
audie,audie
audra,audra
audrea,audrea
audrey,audrey
audria,audria
audrie,audrie
audry,audry
august,august
augusta,augusta
augustina,augustina
augustine,augustine
augustus,augustus
aundrea,aundrea
aura,aura
aurea,aurea
aurelia,aurelia
aurelio,aurelio
aurora,aurora
aurore,aurore
austin,austin
auth,auth
autumn,autumn
ava,ava
available,available
avelina,avelina
avery,avery
avis,avis
avril,avril
awilda,awilda
ayako,ayako
ayana,ayana
ayanna,ayanna
ayesha,ayesha
azalee,azalee
azucena,azucena
azzie,azzie
b,b
babara,babara
babette,babette
back,back
bailey,bailey
bambi,bambi
bao,bao
barabara,barabara
barb,barb
barbara,barbara
barbera,barbera
barbie,barbie
barbra,barbra
bari,bari
barney,barney
barrett,barrett
barrie,barrie
bart,bart
basil,basil
would,would
basilia,basilia
be,be
bea,bea
beata,beata
beatrice,beatrice
beatris,beatris
beatriz,beatriz
beau,beau
beaulah,beaulah
bebe,bebe
became,became
because,because
becki,becki
becky,becky
become,become
becomes,becomes
becoming,becoming
bee,bee
abby,abby
been,been
before,before
beforehand,beforehand
begin,begin
beginning,beginning
behind,behind
being,being
belen,belen
belia,belia
belinda,belinda
belkis,belkis
bell,bell
bella,bella
belle,belle
below,below
ben,ben
benedict,benedict
benita,benita
benito,benito
benjamin,benjamin
bennett,bennett
benny,benny
benton,benton
berenice,berenice
berna,berna
bernadette,bernadette
bernadine,bernadine
bernard,bernard
bernarda,bernarda
bernardina,bernardina
bernardine,bernardine
bernardo,bernardo
adrianne,adrianne
berneice,berneice
adriene,adriene
bernice,bernice
bernie,bernie
berniece,berniece
bernita,bernita
bert,bert
agripina,agripina
berta,berta
agustin,agustin
bertha,bertha
bertie,bertie
bertram,bertram
beryl,beryl
beside,beside
bess,bess
bessie,bessie
best,best
beth,beth
bethanie,bethanie
aisha,aisha
bethann,bethann
akiko,akiko
bethany,bethany
bethel,bethel
betsey,betsey
bette,bette
better,better
bettie,bettie
bettina,bettina
betty,betty
bettyann,bettyann
bettye,bettye
between,between
beula,beula
beulah,beulah
bev,bev
beverlee,beverlee
beverley,beverley
beverly,beverly
beyond,beyond
bianca,bianca
bibi,bibi
bill,bill
billie,billie
billy,billy
billye,billye
aleida,aleida
birdie,birdie
birgit,birgit
blaine,blaine
blair,blair
blake,blake
blanca,blanca
blanch,blanch
blanche,blanche
blondell,blondell
blossom,blossom
blythe,blythe
bo,bo
bobbi,bobbi
bobbie,bobbie
bobbye,bobbye
alexa,alexa
bok,bok
alexandra,alexandra
bong,bong
bonita,bonita
bonnie,bonnie
bonny,bonny
booker,booker
boris,boris
both,both
boyce,boyce
boyd,boyd
brad,brad
bradford,bradford
bradley,bradley
bradly,bradly
brady,brady
brain,brain
branda,branda
aline,aline
brande,brande
brandee,brandee
branden,branden
brandi,brandi
brandon,brandon
brandy,brandy
brant,brant
breana,breana
breann,breann
breanna,breanna
breanne,breanne
bree,bree
brenda,brenda
brendan,brendan
brendon,brendon
brenna,brenna
brent,brent
brenton,brenton
bret,bret
brett,brett
brian,brian
briana,briana
brianne,brianne
brice,brice
bridget,bridget
bridgett,bridgett
bridgette,bridgette
brigette,brigette
brigid,brigid
brigida,brigida
brigitte,brigitte
brinda,brinda
britany,britany
britney,britney
britni,britni
britt,britt
britta,britta
brittaney,brittaney
brittani,brittani
brittanie,brittanie
britteny,britteny
brittni,brittni
brittny,brittny
brock,brock
broderick,broderick
bronwyn,bronwyn
brook,brook
brooke,brooke
brooks,brooks
bruce,bruce
amada,amada
bruna,bruna
brunilda,brunilda
bruno,bruno
bryan,bryan
bryanna,bryanna
bryant,bryant
bryce,bryce
brynn,brynn
bryon,bryon
bud,bud
buddy,buddy
buena,buena
buffy,buffy
buford,buford
bula,bula
bunny,bunny
burl,burl
burma,burma
burt,burt
burton,burton
buster,buster
but,but
analisa,analisa
by,by
byron,byron
c,c
ca,ca
caitlin,caitlin
caitlyn,caitlyn
calandra,calandra
caleb,caleb
calista,calista
andree,andree
callie,callie
calvin,calvin
camelia,camelia
camellia,camellia
cameron,cameron
camie,camie
camila,camila
camilla,camilla
camille,camille
cammy,cammy
can,can
candace,candace
candance,candance
angelika,angelika
candelaria,candelaria
candi,candi
candice,candice
candida,candida
candis,candis
candy,candy
candyce,candyce
cannot,cannot
cant,cant
caprice,caprice
caption,caption
cara,cara
caren,caren
carey,carey
cari,cari
anisa,anisa
caridad,caridad
carie,carie
carina,carina
carisa,carisa
anja,anja
carissa,carissa
carita,carita
carl,carl
carla,carla
carlee,carlee
carleen,carleen
carlena,carlena
carlene,carlene
carletta,carletta
carley,carley
carli,carli
carline,carline
carlita,carlita
carlo,carlo
carlos,carlos
carlota,carlota
annett,annett
carlotta,carlotta
annette,annette
carlton,carlton
carly,carly
carlyn,carlyn
carma,carma
annita,annita
carman,carman
carmel,carmel
carmela,carmela
carmelia,carmelia
carmelina,carmelina
antoinette,antoinette
carmelita,carmelita
carmella,carmella
carmelo,carmelo
carmen,carmen
carmina,carmina
carmine,carmine
carmon,carmon
carol,carol
carola,carola
carolann,carolann
carole,carole
carolee,carolee
carolin,carolin
caroline,caroline
caroll,caroll
carolyn,carolyn
carolyne,carolyne
carolynn,carolynn
caron,caron
caroyln,caroyln
carri,carri
carrie,carrie
carrol,carrol
carry,carry
carson,carson
cary,cary
caryl,caryl
carylon,carylon
caryn,caryn
casandra,casandra
casey,casey
casie,casie
ariane,ariane
casimira,casimira
cassandra,cassandra
cassaundra,cassaundra
cassey,cassey
cassidy,cassidy
cassie,cassie
cassondra,cassondra
cassy,cassy
catalina,catalina
catarina,catarina
caterina,caterina
catharine,catharine
catherin,catherin
catherina,catherina
catherine,catherine
cathern,cathern
catheryn,catheryn
cathey,cathey
cathi,cathi
cathie,cathie
cathleen,cathleen
cathrine,cathrine
cathryn,cathryn
cathy,cathy
catina,catina
catrice,catrice
catrina,catrina
cayla,cayla
cecil,cecil
cecila,cecila
cecile,cecile
aron,aron
cecilia,cecilia
cecille,cecille
cecily,cecily
cedric,cedric
cedrick,cedrick
celena,celena
celesta,celesta
celeste,celeste
celestina,celestina
celestine,celestine
celia,celia
celina,celina
celinda,celinda
celine,celine
celsa,celsa
ceola,ceola
cesar,cesar
chad,chad
ashton,ashton
chadwick,chadwick
chae,chae
chan,chan
chana,chana
asuncion,asuncion
chance,chance
chanda,chanda
chandra,chandra
chanel,chanel
chanell,chanell
chanelle,chanelle
chang,chang
chantal,chantal
chantay,chantay
chante,chante
chantel,chantel
chantell,chantell
chantelle,chantelle
chapter,chapter
chara,chara
charis,charis
charise,charise
charissa,charissa
charisse,charisse
charita,charita
charity,charity
charla,charla
charlena,charlena
charlene,charlene
charles,charles
charlesetta,charlesetta
charlette,charlette
charley,charley
charlie,charlie
charline,charline
charlott,charlott
charlotte,charlotte
charlsie,charlsie
charlyn,charlyn
charmaine,charmaine
charolette,charolette
chase,chase
chasidy,chasidy
chasity,chasity
chastity,chastity
chau,chau
chauncey,chauncey
chaya,chaya
barbar,barbar
chelsea,chelsea
chelsey,chelsey
chelsie,chelsie
cher,cher
chere,chere
cheree,cheree
cherelle,cherelle
cheri,cheri
barry,barry
cherie,cherie
barton,barton
cherilyn,cherilyn
cherish,cherish
cherlyn,cherlyn
cherri,cherri
cherrie,cherrie
cherry,cherry
cherryl,cherryl
chery,chery
cheryl,cheryl
cheryle,cheryle
cheryll,cheryll
beckie,beckie
chester,chester
chet,chet
cheyenne,cheyenne
chi,chi
chia,chia
chieko,chieko
chin,chin
china,china
ching,ching
belva,belva
chiquita,chiquita
chloe,chloe
chong,chong
chris,chris
chrissy,chrissy
christa,christa
bennie,bennie
christal,christal
christeen,christeen
christel,christel
christen,christen
christene,christene
christi,christi
christia,christia
christian,christian
christiana,christiana
christiane,christiane
christie,christie
christin,christin
bernetta,bernetta
christina,christina
christine,christine
christinia,christinia
christoper,christoper
berry,berry
christopher,christopher
christy,christy
chrystal,chrystal
chu,chu
chuck,chuck
chun,chun
chung,chung
cicely,cicely
ciera,ciera
cierra,cierra
cinda,cinda
cinderella,cinderella
cindi,cindi
cindy,cindy
betsy,betsy
cinthia,cinthia
cira,cira
clair,clair
clara,clara
clare,clare
clarence,clarence
claretha,claretha
claretta,claretta
claribel,claribel
clarice,clarice
clarine,clarine
claris,claris
clarisa,clarisa
clarissa,clarissa
clarita,clarita
billi,billi
clark,clark
classie,classie
claud,claud
claude,claude
claudette,claudette
claudia,claudia
claudie,claudie
claudine,claudine
claudio,claudio
clay,clay
clayton,clayton
clemencia,clemencia
clement,clement
clemente,clemente
clementina,clementina
bob,bob
clementine,clementine
clemmie,clemmie
bobby,bobby
cleo,cleo
bobette,bobette
cleopatra,cleopatra
cleora,cleora
cleotilde,cleotilde
cleta,cleta
cletus,cletus
cleveland,cleveland
cliff,cliff
clifford,clifford
clifton,clifton
clint,clint
clinton,clinton
clora,clora
clorinda,clorinda
clotilde,clotilde
clyde,clyde
co,co
codi,codi
cody,cody
colby,colby
coleen,coleen
brandie,brandie
coleman,coleman
colene,colene
coletta,coletta
colette,colette
colin,colin
colleen,colleen
collen,collen
collene,collene
collette,collette
collin,collin
columbus,columbus
come,come
concepcion,concepcion
conception,conception
concetta,concetta
concha,concha
conchita,conchita
connie,connie
brianna,brianna
conrad,conrad
constance,constance
consuela,consuela
consuelo,consuelo
contessa,contessa
cora,cora
coral,coral
coralee,coralee
coralie,coralie
corazon,corazon
cordelia,cordelia
cordell,cordell
cordia,cordia
cordie,cordie
coreen,coreen
corene,corene
coretta,coretta
corey,corey
brittany,brittany
corie,corie
brittney,brittney
corina,corina
corine,corine
corinna,corinna
corinne,corinne
corliss,corliss
cornelia,cornelia
cornelius,cornelius
cornell,cornell
corrie,corrie
corrin,corrin
corrina,corrina
corrine,corrine
corrinne,corrinne
cortez,cortez
cortney,cortney
could,could
couldnt,couldnt
courtney,courtney
buck,buck
coy,coy
craig,craig
creola,creola
cried,cried
cris,cris
criselda,criselda
bulah,bulah
crissy,crissy
crista,crista
cristal,cristal
cristen,cristen
cristi,cristi
cristie,cristie
cristin,cristin
cristina,cristina
cristine,cristine
cristobal,cristobal
cristopher,cristopher
cristy,cristy
cruz,cruz
crysta,crysta
crystal,crystal
crystle,crystle
cuc,cuc
cami,cami
curt,curt
curtis,curtis
cyndi,cyndi
cyndy,cyndy
cammie,cammie
cynthia,cynthia
cyril,cyril
cyrstal,cyrstal
cyrus,cyrus
cythia,cythia
d,d
dacia,dacia
candie,candie
dagmar,dagmar
candra,candra
dagny,dagny
dahlia,dahlia
daina,daina
daine,daine
daisey,daisey
daisy,daisy
dakota,dakota
dale,dale
dalene,dalene
carin,carin
dalia,dalia
dalila,dalila
dallas,dallas
dalton,dalton
damaris,damaris
damian,damian
damien,damien
damion,damion
damon,damon
dan,dan
dana,dana
danae,danae
dane,dane
carlie,carlie
danelle,danelle
danette,danette
dani,dani
danial,danial
danica,danica
daniel,daniel
daniela,daniela
daniele,daniele
daniell,daniell
daniella,daniella
danielle,danielle
danika,danika
danille,danille
danilo,danilo
danita,danita
dann,dann
danna,danna
dannette,dannette
dannie,dannie
dannielle,dannielle
danny,danny
danuta,danuta
danyel,danyel
danyell,danyell
danyelle,danyelle
daphine,daphine
dara,dara
darby,darby
carolina,carolina
darcel,darcel
darcey,darcey
darci,darci
darcie,darcie
darcy,darcy
darell,darell
daren,daren
daria,daria
darin,darin
dario,dario
carroll,carroll
darius,darius
darla,darla
carter,carter
darleen,darleen
darlena,darlena
darlene,darlene
darline,darline
darnell,darnell
daron,daron
darrel,darrel
darrell,darrell
darren,darren
darrick,darrick
darrin,darrin
cassi,cassi
darron,darron
darryl,darryl
darwin,darwin
daryl,daryl
date,date
dave,dave
david,david
davida,davida
davina,davina
davis,davis
dawn,dawn
dawna,dawna
dawne,dawne
dayle,dayle
dayna,dayna
daysi,daysi
deadra,deadra
dean,dean
deana,deana
deandra,deandra
deandre,deandre
deandrea,deandrea
deane,deane
deangelo,deangelo
cecelia,cecelia
deann,deann
deanna,deanna
deanne,deanne
deb,deb
debbi,debbi
debbie,debbie
debbra,debbra
debby,debby
debera,debera
debi,debi
debora,debora
deborah,deborah
debra,debra
debrah,debrah
debroah,debroah
dede,dede
dedra,dedra
dee,dee
deeann,deeann
deeanna,deeanna
deedee,deedee
deena,deena
deetta,deetta
deidra,deidra
deidre,deidre
deirdre,deirdre
deja,deja
del,del
delana,delana
delbert,delbert
delcie,delcie
delena,delena
delfina,delfina
delia,delia
delicia,delicia
delila,delila
delilah,delilah
delinda,delinda
delisa,delisa
dell,dell
della,della
delma,delma
delmar,delmar
delmer,delmer
delmy,delmy
delois,delois
charleen,charleen
deloise,deloise
delora,delora
deloras,deloras
delores,delores
deloris,deloris
delorse,delorse
delpha,delpha
delphia,delphia
delphine,delphine
delsie,delsie
delta,delta
demarcus,demarcus
charmain,charmain
demetra,demetra
demetria,demetria
chas,chas
demetrice,demetrice
demetrius,demetrius
dena,dena
chassidy,chassidy
denae,denae
deneen,deneen
denese,denese
denice,denice
denis,denis
denise,denise
denisha,denisha
denita,denita
denna,denna
dennis,dennis
dennise,dennise
denny,denny
denver,denver
denyse,denyse
cherise,cherise
deon,deon
cherly,cherly
deonna,deonna
derek,derek
derick,derick
derrick,derrick
deshawn,deshawn
desirae,desirae
desire,desire
desiree,desiree
despina,despina
dessie,dessie
destiny,destiny
detra,detra
devin,devin
devon,devon
devona,devona
devora,devora
devorah,devorah
dewayne,dewayne
dewey,dewey
dewitt,dewitt
dexter,dexter
dia,dia
diamond,diamond
dian,dian
diana,diana
diane,diane
diann,diann
dianna,dianna
christena,christena
dianne,dianne
dick,dick
did,did
didnt,didnt
diedra,diedra
diedre,diedre
diego,diego
dierdre,dierdre
digna,digna
dillon,dillon
dimple,dimple
dina,dina
dinah,dinah
dino,dino
dinorah,dinorah
dion,dion
dione,dione
dionna,dionna
dionne,dionne
ciara,ciara
dirk,dirk
divina,divina
dixie,dixie
do,do
dodie,dodie
does,does
cindie,cindie
doesnt,doesnt
dollie,dollie
dolly,dolly
dolores,dolores
claire,claire
doloris,doloris
domenic,domenic
domenica,domenica
dominga,dominga
domingo,domingo
dominic,dominic
dominica,dominica
clarinda,clarinda
dominick,dominick
dominique,dominique
dominque,dominque
domitila,domitila
domonique,domonique
don,don
dona,dona
donald,donald
donella,donella
donetta,donetta
donette,donette
dong,dong
donita,donita
donn,donn
donna,donna
donnell,donnell
clelia,clelia
donnetta,donnetta
donnette,donnette
donnie,donnie
donny,donny
donovan,donovan
dont,dont
donte,donte
donya,donya
dora,dora
dorathy,dorathy
dorcas,dorcas
doreatha,doreatha
doreen,doreen
dorene,dorene
doretha,doretha
dorethea,dorethea
doretta,doretta
dori,dori
doria,doria
dorian,dorian
dorie,dorie
dorinda,dorinda
dorine,dorine
doris,doris
dorla,dorla
cole,cole
dorotha,dorotha
dorothea,dorothea
dorothy,dorothy
dorris,dorris
dorsey,dorsey
dortha,dortha
dorthea,dorthea
dorthey,dorthey
dorthy,dorthy
dot,dot
dotty,dotty
colton,colton
doug,doug
douglas,douglas
douglass,douglass
dovie,dovie
down,down
doyle,doyle
dreama,dreama
drew,drew
drucilla,drucilla
duane,duane
dudley,dudley
dulcie,dulcie
dung,dung
during,during
dusti,dusti
dustin,dustin
dusty,dusty
dwana,dwana
dwayne,dwayne
dwight,dwight
dylan,dylan
each,each
earl,earl
earle,earle
earlean,earlean
cori,cori
earleen,earleen
earlene,earlene
earlie,earlie
earline,earline
earnest,earnest
earnestine,earnestine
eartha,eartha
easter,easter
eboni,eboni
ebonie,ebonie
ebony,ebony
echo,echo
ed,ed
edda,edda
eddie,eddie
cory,cory
eddy,eddy
edelmira,edelmira
eden,eden
edgardo,edgardo
edie,edie
edith,edith
edmond,edmond
edmund,edmund
edmundo,edmundo
edna,edna
edra,edra
edris,edris
eduardo,eduardo
edward,edward
edwardo,edwardo
edwin,edwin
edyth,edyth
edythe,edythe
effie,effie
efrain,efrain
efren,efren
ehtel,ehtel
eight,eight
eighty,eighty
eilene,eilene
either,either
ela,ela
eladia,eladia
elaina,elaina
elaine,elaine
elana,elana
elane,elane
elanor,elanor
elayne,elayne
elba,elba
elda,elda
elden,elden
eldon,eldon
eldora,eldora
eldridge,eldridge
eleanor,eleanor
eleanora,eleanora
eleanore,eleanore
elease,elease
elena,elena
elene,elene
eleni,eleni
elenor,elenor
elenora,elenora
eleonor,eleonor
eleonora,eleonora
eleonore,eleonore
elfreda,elfreda
elfrieda,elfrieda
elfriede,elfriede
eli,eli
elia,elia
eliana,eliana
elias,elias
dania,dania
elicia,elicia
elida,elida
elidia,elidia
elijah,elijah
elina,elina
elinor,elinor
elinore,elinore
elisa,elisa
elisabeth,elisabeth
elise,elise
eliseo,eliseo
elisha,elisha
elissa,elissa
eliz,eliz
eliza,eliza
elizabeth,elizabeth
elizbeth,elizbeth
elizebeth,elizebeth
dante,dante
elke,elke
ella,ella
ellamae,ellamae
ellan,ellan
ellen,ellen
daphne,daphne
ellena,ellena
elli,elli
ellie,ellie
elliot,elliot
elliott,elliott
ellis,ellis
ellsworth,ellsworth
elly,elly
ellyn,ellyn
elma,elma
elmer,elmer
elmira,elmira
elmo,elmo
elna,elna
elnora,elnora
elodia,elodia
elois,elois
eloisa,eloisa
eloise,eloise
elouise,elouise
eloy,eloy
elroy,elroy
elsa,elsa
else,else
elsie,elsie
elsy,elsy
elton,elton
elva,elva
elvera,elvera
elvia,elvia
elvie,elvie
elvina,elvina
elvira,elvira
elvis,elvis
elwanda,elwanda
elwood,elwood
elyse,elyse
elza,elza
ema,ema
emanuel,emanuel
emelda,emelda
emelia,emelia
emelina,emelina
emeline,emeline
emely,emely
emerald,emerald
emerita,emerita
emerson,emerson
emery,emery
emiko,emiko
emil,emil
emile,emile
emilee,emilee
emilia,emilia
emilie,emilie
emilio,emilio
emily,emily
emma,emma
emmaline,emmaline
emmanuel,emmanuel
emmie,emmie
emmitt,emmitt
emmy,emmy
emogene,emogene
emory,emory
ena,ena
enda,enda
enedina,enedina
deedra,deedra
enid,enid
enoch,enoch
enola,enola
enough,enough
enrique,enrique
enriqueta,enriqueta
epifania,epifania
delaine,delaine
era,era
erasmo,erasmo
eric,eric
erica,erica
erich,erich
erick,erick
ericka,ericka
erik,erik
erika,erika
erin,erin
erinn,erinn
erlene,erlene
erlinda,erlinda
erline,erline
erma,erma
ermelinda,ermelinda
erminia,erminia
erna,erna
ernest,ernest
ernestina,ernestina
ernestine,ernestine
ernesto,ernesto
ernie,ernie
errol,errol
ervin,ervin
erwin,erwin
eryn,eryn
esmeralda,esmeralda
esperanza,esperanza
essie,essie
esteban,esteban
estefana,estefana
estela,estela
estell,estell
estella,estella
estelle,estelle
ester,ester
esther,esther
estrella,estrella
etc,etc
etha,etha
ethan,ethan
denisse,denisse
ethel,ethel
ethelene,ethelene
ethelyn,ethelyn
ethyl,ethyl
etsuko,etsuko
etta,etta
ettie,ettie
eufemia,eufemia
eugena,eugena
eugene,eugene
eugenia,eugenia
eugenie,eugenie
eugenio,eugenio
eula,eula
eulah,eulah
eulalia,eulalia
desmond,desmond
eun,eun
euna,euna
eunice,eunice
eura,eura
eusebia,eusebia
eusebio,eusebio
eustolia,eustolia
evalyn,evalyn
evan,evan
evangelina,evangelina
evangeline,evangeline
eve,eve
evelia,evelia
evelin,evelin
evelina,evelina
eveline,eveline
evelyn,evelyn
evelyne,evelyne
evelynn,evelynn
even,even
ever,ever
everett,everett
everette,everette
every,every
everyone,everyone
everything,everything
evette,evette
evia,evia
evie,evie
evita,evita
evon,evon
evonne,evonne
ewa,ewa
except,except
exie,exie
ezekiel,ezekiel
ezequiel,ezequiel
ezra,ezra
f,f
fabian,fabian
fabiola,fabiola
fae,fae
fairy,fairy
faith,faith
fallon,fallon
fannie,fannie
fanny,fanny
far,far
farah,farah
farrah,farrah
fatima,fatima
fatimah,fatimah
faustina,faustina
faustino,faustino
fausto,fausto
fawn,fawn
fay,fay
faye,faye
fe,fe
felecia,felecia
felica,felica
felice,felice
felicia,felicia
felicidad,felicidad
felicita,felicita
felicitas,felicitas
felipa,felipa
felipe,felipe
felisa,felisa
felisha,felisha
felix,felix
felton,felton
ferdinand,ferdinand
fermin,fermin
fermina,fermina
fern,fern
fernanda,fernanda
fernande,fernande
fernando,fernando
ferne,ferne
few,few
fidel,fidel
fidela,fidela
fidelia,fidelia
fifty,fifty
filiberto,filiberto
filomena,filomena
fiona,fiona
first,first
five,five
flavia,flavia
fleta,fleta
fletcher,fletcher
flo,flo
flor,flor
flora,flora
florance,florance
florence,florence
florencia,florencia
florencio,florencio
florene,florene
dottie,dottie
florentina,florentina
florentino,florentino
floretta,floretta
floria,floria
florida,florida
florinda,florinda
florine,florine
drema,drema
florrie,florrie
flossie,flossie
drusilla,drusilla
floy,floy
floyd,floyd
dulce,dulce
fonda,fonda
duncan,duncan
for,for
forest,forest
former,former
formerly,formerly
dwain,dwain
forrest,forrest
forty,forty
foster,foster
dyan,dyan
found,found
four,four
fran,fran
france,france
francene,francene
frances,frances
francesca,francesca
francesco,francesco
franchesca,franchesca
francie,francie
francina,francina
francine,francine
francis,francis
francisca,francisca
francisco,francisco
francoise,francoise
frank,frank
eda,eda
frankie,frankie
franklyn,franklyn
fransisca,fransisca
fred,fred
freda,freda
edgar,edgar
fredda,fredda
freddie,freddie
edison,edison
freddy,freddy
frederic,frederic
frederica,frederica
frederick,frederick
fredericka,fredericka
fredia,fredia
fredric,fredric
fredrick,fredrick
fredricka,fredricka
freeda,freeda
freeman,freeman
edwina,edwina
freida,freida
frida,frida
frieda,frieda
fritz,fritz
from,from
fumiko,fumiko
eileen,eileen
further,further
g,g
gabriel,gabriel
gabriela,gabriela
gabriele,gabriele
gabriella,gabriella
gabrielle,gabrielle
gail,gail
gala,gala
gale,gale
elbert,elbert
galen,galen
galina,galina
garfield,garfield
garland,garland
garnet,garnet
garnett,garnett
garret,garret
garrett,garrett
garry,garry
gary,gary
gaston,gaston
gavin,gavin
gay,gay
gaye,gaye
elenore,elenore
gayla,gayla
gayle,gayle
gaylene,gaylene
gaylord,gaylord
gaynell,gaynell
gearldine,gearldine
gema,gema
gemma,gemma
gena,gena
gene,gene
genesis,genesis
geneva,geneva
genevie,genevie
genevieve,genevieve
elin,elin
genevive,genevive
genia,genia
genie,genie
genna,genna
gennie,gennie
genny,genny
genoveva,genoveva
geoffrey,geoffrey
georgann,georgann
george,george
georgeann,georgeann
elizabet,elizabet
georgeanna,georgeanna
georgene,georgene
georgetta,georgetta
georgette,georgette
georgia,georgia
georgiana,georgiana
georgiann,georgiann
georgianne,georgianne
georgina,georgina
georgine,georgine
gerald,gerald
geraldine,geraldine
geraldo,geraldo
geralyn,geralyn
gerard,gerard
gerardo,gerardo
gerda,gerda
geri,geri
german,german
gerri,gerri
gerry,gerry
gertie,gertie
gertrude,gertrude
gertrudis,gertrudis
get,get
ghislaine,ghislaine
gia,gia
gianna,gianna
gidget,gidget
gigi,gigi
gilbert,gilbert
gilberte,gilberte
gilberto,gilberto
gilda,gilda
gillian,gillian
gilma,gilma
gina,gina
ginette,ginette
ginger,ginger
elvin,elvin
ginny,ginny
gino,gino
giovanna,giovanna
giovanni,giovanni
gisela,gisela
gisele,gisele
giselle,giselle
gita,gita
giuseppe,giuseppe
giuseppina,giuseppina
gladis,gladis
glady,glady
gladys,gladys
glayds,glayds
glen,glen
glenda,glenda
glendora,glendora
glenn,glenn
glenna,glenna
glennie,glennie
glennis,glennis
glinda,glinda
gloria,gloria
glory,glory
glynda,glynda
glynis,glynis
go,go
golda,golda
golden,golden
emmett,emmett
goldie,goldie
gonzalo,gonzalo
good,good
gordon,gordon
got,got
grace,grace
gracia,gracia
gracie,gracie
eneida,eneida
graciela,graciela
grady,grady
graham,graham
grant,grant
granville,granville
grayce,grayce
grazyna,grazyna
great,great
gregg,gregg
gregoria,gregoria
gregorio,gregorio
gregory,gregory
greta,greta
gretchen,gretchen
gretta,gretta
gricelda,gricelda
grisel,grisel
griselda,griselda
guadalupe,guadalupe
gudrun,gudrun
guillermina,guillermina
guillermo,guillermo
gus,gus
gussie,gussie
gustavo,gustavo
guy,guy
gwen,gwen
gwenda,gwenda
gwendolyn,gwendolyn
gwenn,gwenn
gwyn,gwyn
gwyneth,gwyneth
h,h
ha,ha
hae,hae
hai,hai
esta,esta
hailey,hailey
hal,hal
haley,haley
halina,halina
halley,halley
hallie,hallie
han,han
hang,hang
hanh,hanh
hank,hank
hanna,hanna
hannah,hannah
hannelore,hannelore
hans,hans
harlan,harlan
harland,harland
harley,harley
harmony,harmony
harold,harold
harriet,harriet
harriett,harriett
harriette,harriette
harris,harris
harrison,harrison
harry,harry
harvey,harvey
has,has
hasnt,hasnt
hassan,hassan
hassie,hassie
hattie,hattie
have,have
havent,havent
haydee,haydee
eva,eva
hayden,hayden
hayley,hayley
haywood,haywood
hazel,hazel
he,he
heath,heath
heather,heather
hector,hector
hed,hed
hedwig,hedwig
hedy,hedy
heide,heide
heidi,heidi
heidy,heidy
heike,heike
helaine,helaine
helen,helen
helena,helena
helene,helene
helga,helga
hellen,hellen
hence,hence
henrietta,henrietta
henriette,henriette
henry,henry
her,her
herb,herb
herbert,herbert
here,here
hereafter,hereafter
hereby,hereby
herein,herein
heres,heres
hereupon,hereupon
herlinda,herlinda
herma,herma
herman,herman
hermelinda,hermelinda
hermina,hermina
hermine,hermine
faviola,faviola
herminia,herminia
hers,hers
herschel,herschel
herself,herself
federico,federico
hershel,hershel
hertha,hertha
hes,hes
hester,hester
hettie,hettie
hid,hid
hien,hien
hilaria,hilaria
hilario,hilario
hilary,hilary
hilda,hilda
hildegard,hildegard
hildred,hildred
hillary,hillary
hilma,hilma
hilton,hilton
him,him
himself,himself
hipolito,hipolito
hiroko,hiroko
his,his
hoa,hoa
hobert,hobert
holley,holley
holli,holli
hollie,hollie
holly,holly
home,home
homer,homer
honey,honey
hong,hong
hope,hope
horace,horace
horacio,horacio
hortencia,hortencia
hortense,hortense
hortensia,hortensia
hosea,hosea
houston,houston
how,how
howard,howard
however,however
hoyt,hoyt
hubert,hubert
huey,huey
hugh,hugh
hui,hui
hulda,hulda
humberto,humberto
hundred,hundred
hung,hung
hunter,hunter
huong,huong
hwa,hwa
hye,hye
hyman,hyman
hyo,hyo
hyon,hyon
i,i
ian,ian
id,id
ida,ida
idalia,idalia
idell,idell
idella,idella
ie,ie
iesha,iesha
if,if
ignacio,ignacio
franklin,franklin
ike,ike
ilana,ilana
ileana,ileana
ileen,ileen
ilene,ilene
iliana,iliana
ill,ill
illa,illa
ilona,ilona
ilse,ilse
iluminada,iluminada
im,im
ima,ima
imelda,imelda
imogene,imogene
in,in
inc,inc
include,include
includes,includes
indeed,indeed
index,index
india,india
indira,indira
inell,inell
ines,ines
inez,inez
information,information
inga,inga
inge,inge
ingeborg,ingeborg
inger,inger
ingrid,ingrid
inocencia,inocencia
instead,instead
internet,internet
into,into
iola,iola
iona,iona
garth,garth
ione,ione
iraida,iraida
irena,irena
irene,irene
iris,iris
irish,irish
irma,irma
irmgard,irmgard
irvin,irvin
irving,irving
gaynelle,gaynelle
is,is
isa,isa
isaac,isaac
isabel,isabel
genaro,genaro
isabell,isabell
isabella,isabella
isadora,isadora
isaiah,isaiah
isaias,isaias
isaura,isaura
isela,isela
isiah,isiah
isidra,isidra
isidro,isidro
isis,isis
ismael,ismael
isnt,isnt
isobel,isobel
israel,israel
isreal,isreal
issac,issac
it,it
its,its
itself,itself
ivan,ivan
ivana,ivana
ive,ive
georgianna,georgianna
ivelisse,ivelisse
georgie,georgie
ivey,ivey
ivonne,ivonne
ivory,ivory
ivy,ivy
izetta,izetta
izola,izola
j,j
ja,ja
jacalyn,jacalyn
jacelyn,jacelyn
germaine,germaine
jacinda,jacinda
jacinta,jacinta
jacinto,jacinto
gertha,gertha
jackeline,jackeline
gertrud,gertrud
jackelyn,jackelyn
jacki,jacki
gertude,gertude
jackie,jackie
jacklyn,jacklyn
jackqueline,jackqueline
jackson,jackson
jaclyn,jaclyn
gil,gil
jacob,jacob
jacqualine,jacqualine
jacque,jacque
jacquelin,jacquelin
jacqueline,jacqueline
jacquelyne,jacquelyne
jacquelynn,jacquelynn
jacques,jacques
jacquetta,jacquetta
jacqui,jacqui
jacquie,jacquie
jacquiline,jacquiline
jacquline,jacquline
jacqulyn,jacqulyn
jada,jada
jadwiga,jadwiga
jae,jae
jaime,jaime
jaimee,jaimee
jaimie,jaimie
jake,jake
jaleesa,jaleesa
jalisa,jalisa
jama,jama
jamaal,jamaal
jamal,jamal
jamar,jamar
jame,jame
jamee,jamee
jamel,jamel
james,james
jamey,jamey
jami,jami
jamie,jamie
jamika,jamika
jamila,jamila
jamison,jamison
jammie,jammie
jan,jan
jana,jana
janae,janae
janay,janay
jane,jane
janean,janean
janee,janee
janeen,janeen
graig,graig
janel,janel
janell,janell
janella,janella
janelle,janelle
greg,greg
janene,janene
janessa,janessa
janet,janet
janeth,janeth
janett,janett
janetta,janetta
janette,janette
janey,janey
jani,jani
janice,janice
grover,grover
janie,janie
janina,janina
janine,janine
janis,janis
janise,janise
janita,janita
jann,jann
janna,janna
jannet,jannet
jannette,jannette
jannie,jannie
january,january
janyce,janyce
jaqueline,jaqueline
jaquelyn,jaquelyn
jared,jared
jarod,jarod
jarred,jarred
jarrett,jarrett
jarrod,jarrod
jarvis,jarvis
jasmin,jasmin
jason,jason
jasper,jasper
hana,hana
jaunita,jaunita
javier,javier
jay,jay
jaye,jaye
jayme,jayme
jaymie,jaymie
jayna,jayna
jayne,jayne
jayson,jayson
jazmin,jazmin
jazmine,jazmine
jc,jc
jean,jean
jeana,jeana
jeane,jeane
jeanelle,jeanelle
jeanene,jeanene
jeanett,jeanett
jeanetta,jeanetta
jeanette,jeanette
jeanice,jeanice
jeanie,jeanie
jeanine,jeanine
jeanmarie,jeanmarie
jeanna,jeanna
jeanne,jeanne
jeannetta,jeannetta
jeannette,jeannette
jeannie,jeannie
jeannine,jeannine
jed,jed
jeff,jeff
hee,hee
jefferey,jefferey
jefferson,jefferson
jeffery,jeffery
jeffie,jeffie
jeffrey,jeffrey
jeffry,jeffry
jen,jen
jena,jena
jenae,jenae
jene,jene
jenee,jenee
jenell,jenell
jenelle,jenelle
jenette,jenette
jeneva,jeneva
heriberto,heriberto
jeni,jeni
jenice,jenice
jenifer,jenifer
jeniffer,jeniffer
hermila,hermila
jenine,jenine
jenise,jenise
jenna,jenna
jennefer,jennefer
jennell,jennell
herta,herta
jennette,jennette
jenni,jenni
jennie,jennie
hiedi,hiedi
jennifer,jennifer
jenniffer,jenniffer
jennine,jennine
jerald,jerald
jeraldine,jeraldine
hilde,hilde
jeramy,jeramy
hildegarde,hildegarde
jere,jere
jeremiah,jeremiah
jeri,jeri
jerica,jerica
jerilyn,jerilyn
hiram,hiram
jermaine,jermaine
hisako,hisako
jerold,jerold
jerome,jerome
jeromy,jeromy
jerrell,jerrell
jerri,jerri
hollis,hollis
jerrica,jerrica
jerrie,jerrie
jerrod,jerrod
jerrold,jerrold
jerry,jerry
jesica,jesica
jess,jess
jesse,jesse
jessenia,jessenia
jessi,jessi
jessia,jessia
jessica,jessica
jessika,jessika
jestine,jestine
hsiu,hsiu
jesus,jesus
hue,hue
jesusa,jesusa
jesusita,jesusita
hugo,hugo
jetta,jetta
jettie,jettie
jewel,jewel
jewell,jewell
ji,ji
jill,jill
jillian,jillian
hyacinth,hyacinth
jim,jim
jimmie,jimmie
jin,jin
jina,jina
hyun,hyun
jinny,jinny
jo,jo
joan,joan
joana,joana
joane,joane
joann,joann
ignacia,ignacia
joanna,joanna
joanne,joanne
ila,ila
joannie,joannie
ilda,ilda
joaquin,joaquin
joaquina,joaquina
jocelyn,jocelyn
jodee,jodee
jodi,jodi
jodie,jodie
jody,jody
joeann,joeann
joel,joel
joella,joella
joelle,joelle
joellen,joellen
ina,ina
joesph,joesph
joetta,joetta
joette,joette
joey,joey
johana,johana
johanna,johanna
johanne,johanne
john,john
johna,johna
johnathan,johnathan
johnathon,johnathon
johnetta,johnetta
johnie,johnie
johnna,johnna
ira,ira
johnnie,johnnie
johnny,johnny
johnsie,johnsie
irina,irina
johnson,johnson
joi,joi
joie,joie
jolanda,jolanda
joleen,joleen
jolene,jolene
irwin,irwin
jolie,jolie
joline,joline
jolyn,jolyn
jolynn,jolynn
jon,jon
isabelle,isabelle
jona,jona
jonah,jonah
jonas,jonas
jonathon,jonathon
jone,jone
jonell,jonell
jonelle,jonelle
jong,jong
joni,joni
jonie,jonie
jonna,jonna
jonnie,jonnie
jordan,jordan
jordon,jordon
iva,iva
jorge,jorge
jose,jose
josef,josef
ivette,ivette
josefa,josefa
josefina,josefina
josefine,josefine
joselyn,joselyn
joseph,joseph
josephina,josephina
josephine,josephine
josette,josette
josh,josh
joshua,joshua
josiah,josiah
josie,josie
jack,jack
joslyn,joslyn
jospeh,jospeh
josphine,josphine
josue,josue
jovan,jovan
joy,joy
joya,joya
joyce,joyce
joycelyn,joycelyn
joye,joye
juan,juan
juana,juana
juanita,juanita
jacquelyn,jacquelyn
jude,jude
judi,judi
judie,judie
judith,judith
judson,judson
judy,judy
julee,julee
julene,julene
jules,jules
juli,juli
jade,jade
julia,julia
julian,julian
juliana,juliana
juliane,juliane
juliann,juliann
julianna,julianna
julianne,julianne
julie,julie
julieann,julieann
julienne,julienne
juliet,juliet
julieta,julieta
julietta,julietta
juliette,juliette
julio,julio
julissa,julissa
julius,julius
june,june
jung,jung
junie,junie
junior,junior
junita,junita
junko,junko
just,just
justa,justa
justina,justina
justine,justine
jutta,jutta
k,k
ka,ka
kacey,kacey
kaci,kaci
kacie,kacie
kacy,kacy
kai,kai
kaila,kaila
kaitlin,kaitlin
kaitlyn,kaitlyn
kala,kala
kaleigh,kaleigh
kaley,kaley
kali,kali
kallie,kallie
kalyn,kalyn
kam,kam
kamala,kamala
janiece,janiece
kami,kami
kamilah,kamilah
kandace,kandace
kandice,kandice
kandis,kandis
kandra,kandra
kandy,kandy
kanesha,kanesha
kanisha,kanisha
kara,kara
karan,karan
kareem,kareem
kareen,kareen
karen,karen
karena,karena
karey,karey
kari,kari
karie,karie
karima,karima
karin,karin
karina,karina
jasmine,jasmine
karine,karine
karisa,karisa
karissa,karissa
karl,karl
karla,karla
karleen,karleen
karlene,karlene
karly,karly
karlyn,karlyn
karma,karma
karmen,karmen
karol,karol
karole,karole
karoline,karoline
karolyn,karolyn
karon,karon
karren,karren
karri,karri
karrie,karrie
karry,karry
kary,kary
karyl,karyl
karyn,karyn
kasandra,kasandra
kasha,kasha
kasi,kasi
kassandra,kassandra
kassie,kassie
kate,kate
katelin,katelin
katelyn,katelyn
katelynn,katelynn
katerine,katerine
kathaleen,kathaleen
katharina,katharina
katharine,katharine
katharyn,katharyn
kathe,kathe
katheleen,katheleen
katherin,katherin
katherine,katherine
kathern,kathern
kathey,kathey
kathi,kathi
kathie,kathie
kathleen,kathleen
kathlene,kathlene
kathline,kathline
kathlyn,kathlyn
kathrin,kathrin
kathrine,kathrine
kathryn,kathryn
kathryne,kathryne
kathy,kathy
kathyrn,kathyrn
kati,kati
katia,katia
katie,katie
katlyn,katlyn
katrice,katrice
katrina,katrina
kattie,kattie
katy,katy
kay,kay
jenny,jenny
kayce,kayce
kaycee,kaycee
kaye,kaye
kayla,kayla
kaylee,kaylee
jeremy,jeremy
kayleen,kayleen
kayleigh,kayleigh
kaylene,kaylene
jerlene,jerlene
kazuko,kazuko
kecia,kecia
keeley,keeley
keely,keely
keena,keena
keesha,keesha
keiko,keiko
keila,keila
keira,keira
keisha,keisha
keith,keith
jesenia,jesenia
keitha,keitha
keli,keli
kelle,kelle
kelley,kelley
kelli,kelli
kellie,kellie
kelly,kelly
jessie,jessie
kellye,kellye
kelsey,kelsey
kelsi,kelsi
kelsie,kelsie
kelvin,kelvin
kemberly,kemberly
ken,ken
kena,kena
kenda,kenda
kendal,kendal
kendall,kendall
kendra,kendra
kendrick,kendrick
keneth,keneth
jimmy,jimmy
kenia,kenia
kenisha,kenisha
kenna,kenna
kenneth,kenneth
kenny,kenny
kent,kent
kenton,kenton
joanie,joanie
kenyatta,kenyatta
kenyetta,kenyetta
kera,kera
keren,keren
keri,keri
kermit,kermit
kerri,kerri
kerrie,kerrie
kerry,kerry
kerstin,kerstin
kesha,kesha
joe,joe
keshia,keshia
keturah,keturah
keva,keva
keven,keven
kevin,kevin
khadijah,khadijah
khalilah,khalilah
kia,kia
kiana,kiana
kiara,kiara
kiera,kiera
kiersten,kiersten
kiesha,kiesha
kieth,kieth
kim,kim
kimber,kimber
kimberlee,kimberlee
johnette,johnette
kimberley,kimberley
kimberlie,kimberlie
kimberly,kimberly
kimbery,kimbery
kimbra,kimbra
kimi,kimi
kimiko,kimiko
kina,kina
kindra,kindra
king,king
kira,kira
kirby,kirby
kirk,kirk
kirsten,kirsten
kirstie,kirstie
kirstin,kirstin
kisha,kisha
kit,kit
kittie,kittie
jonathan,jonathan
kitty,kitty
kiyoko,kiyoko
kizzie,kizzie
kizzy,kizzy
klara,klara
know,know
korey,korey
kori,kori
kortney,kortney
kory,kory
kourtney,kourtney
kraig,kraig
kris,kris
krishna,krishna
krissy,krissy
krista,krista
kristal,kristal
kristan,kristan
kristeen,kristeen
kristel,kristel
kristen,kristen
kristi,kristi
kristian,kristian
kristie,kristie
kristin,kristin
kristina,kristina
kristine,kristine
kristofer,kristofer
kristy,kristy
kristyn,kristyn
krysta,krysta
jovita,jovita
krystal,krystal
krysten,krysten
krystin,krystin
krystina,krystina
krystle,krystle
krystyna,krystyna
kum,kum
kurt,kurt
kurtis,kurtis
kyla,kyla
kyle,kyle
kylee,kylee
kylie,kylie
kym,kym
jule,jule
kymberly,kymberly
kyoko,kyoko
kyong,kyong
kyra,kyra
kyung,kyung
l,l
lacey,lacey
lachelle,lachelle
laci,laci
lacie,lacie
lacresha,lacresha
lacy,lacy
ladawn,ladawn
ladonna,ladonna
lady,lady
lael,lael
lahoma,lahoma
lai,lai
laine,laine
lajuana,lajuana
lakeesha,lakeesha
lakeisha,lakeisha
lakendra,lakendra
lakenya,lakenya
lakesha,lakesha
lakeshia,lakeshia
lakia,lakia
lakiesha,lakiesha
justin,justin
lakisha,lakisha
lakita,lakita
lala,lala
lamonica,lamonica
lamont,lamont
lan,lan
lana,lana
lance,lance
landon,landon
lane,lane
lanell,lanell
lanelle,lanelle
lanette,lanette
lani,lani
lanie,lanie
lanita,lanita
lannie,lannie
lanny,lanny
lanora,lanora
laquanda,laquanda
laquita,laquita
lara,lara
larae,larae
kandi,kandi
laraine,laraine
laree,laree
larhonda,larhonda
larisa,larisa
larissa,larissa
larita,larita
laronda,laronda
larraine,larraine
larry,larry
larue,larue
lasandra,lasandra
lashanda,lashanda
lashandra,lashandra
lashaun,lashaun
lashaunda,lashaunda
lashawn,lashawn
lashawna,lashawna
lashay,lashay
lashell,lashell
lashon,lashon
lashonda,lashonda
lashunda,lashunda
last,last
latanya,latanya
latasha,latasha
latashia,latashia
later,later
latesha,latesha
latia,latia
laticia,laticia
latina,latina
latisha,latisha
latonia,latonia
latonya,latonya
latoria,latoria
latosha,latosha
latoya,latoya
latoyia,latoyia
latrice,latrice
latricia,latricia
latrina,latrina
latrisha,latrisha
kasey,kasey
latter,latter
latterly,latterly
kasie,kasie
launa,launa
laura,laura
lauralee,lauralee
lauran,lauran
laure,laure
laureen,laureen
laurel,laurel
lauren,lauren
laurena,laurena
laurence,laurence
laurene,laurene
lauretta,lauretta
laurette,laurette
lauri,lauri
katherina,katherina
laurice,laurice
laurie,laurie
katheryn,katheryn
laurinda,laurinda
laurine,laurine
lauryn,lauryn
lavada,lavada
lavelle,lavelle
lavenia,lavenia
lavera,lavera
lavern,lavern
laverna,laverna
laverne,laverne
laveta,laveta
lavette,lavette
lavinia,lavinia
lavon,lavon
lavona,lavona
lavonda,lavonda
katina,katina
lavone,lavone
lavonia,lavonia
lavonna,lavonna
lawana,lawana
lawanda,lawanda
lawanna,lawanna
lawerence,lawerence
lawrence,lawrence
layla,layla
layne,layne
lazaro,lazaro
le,le
lea,lea
leah,leah
lean,lean
leana,leana
leandra,leandra
leandro,leandro
leann,leann
keenan,keenan
leanna,leanna
leanne,leanne
leanora,leanora
least,least
leatha,leatha
leatrice,leatrice
lecia,lecia
leda,leda
leeann,leeann
kellee,kellee
leeanna,leeanna
leeanne,leeanne
leena,leena
leesa,leesa
left,left
leia,leia
leida,leida
leif,leif
leigh,leigh
leigha,leigha
leighann,leighann
leila,leila
leilani,leilani
leisa,leisa
leisha,leisha
lekisha,lekisha
lela,lela
lelah,lelah
leland,leland
lelia,lelia
lemuel,lemuel
len,len
kennith,kennith
lena,lena
lenard,lenard
lenita,lenita
kenya,kenya
lenna,lenna
lennie,lennie
lenny,lenny
lenora,lenora
lenore,lenore
leo,leo
leola,leola
leoma,leoma
leon,leon
leona,leona
leonard,leonard
leonarda,leonarda
leonardo,leonardo
leone,leone
leonel,leonel
leonia,leonia
leonida,leonida
leonie,leonie
leonila,leonila
leonor,leonor
leonora,leonora
leonore,leonore
leontine,leontine
leopoldo,leopoldo
leora,leora
kiley,kiley
leota,leota
lera,lera
kimberely,kimberely
leroy,leroy
les,les
kimberli,kimberli
lesa,lesa
lesha,lesha
lesia,lesia
leslee,leslee
lesley,lesley
lesli,lesli
leslie,leslie
less,less
lessie,lessie
kip,kip
lester,lester
let,let
leta,leta
letha,letha
leticia,leticia
letisha,letisha
letitia,letitia
lets,lets
lettie,lettie
letty,letty
levi,levi
lewis,lewis
lezlie,lezlie
li,li
lia,lia
liana,liana
liane,liane
lianne,lianne
libbie,libbie
libby,libby
liberty,liberty
librada,librada
lida,lida
lidia,lidia
lien,lien
lieselotte,lieselotte
ligia,ligia
like,like
likely,likely
lila,lila
lili,lili
lilia,lilia
lilian,lilian
liliana,liliana
lilla,lilla
kristle,kristle
lilli,lilli
kristopher,kristopher
lillia,lillia
lilliam,lilliam
lillian,lillian
lilliana,lilliana
lillie,lillie
lilly,lilly
lily,lily
lin,lin
lina,lina
lincoln,lincoln
linda,linda
lindsay,lindsay
lindsey,lindsey
lindsy,lindsy
lindy,lindy
line,line
linette,linette
ling,ling
linh,linh
links,links
linn,linn
linnea,linnea
linnie,linnie
lino,lino
linsey,linsey
linwood,linwood
lionel,lionel
lisa,lisa
lisabeth,lisabeth
lisandra,lisandra
lisbeth,lisbeth
lise,lise
lisette,lisette
lisha,lisha
laila,laila
lissa,lissa
lissette,lissette
lita,lita
livia,livia
liz,liz
liza,liza
lizabeth,lizabeth
lizbeth,lizbeth
lizeth,lizeth
lizette,lizette
lizzette,lizzette
lizzie,lizzie
ll,ll
lamar,lamar
lloyd,lloyd
loan,loan
logan,logan
loida,loida
lois,lois
lola,lola
lolita,lolita
loma,loma
lon,lon
lona,lona
lang,lang
londa,londa
loni,loni
lonna,lonna
lonnie,lonnie
lonny,lonny
lora,lora
loraine,loraine
loralee,loralee
lore,lore
lorean,lorean
loree,loree
loreen,loreen
lorelei,lorelei
loren,loren
lorena,lorena
lorene,lorene
lorenza,lorenza
lorenzo,lorenzo
loreta,loreta
loretta,loretta
lorette,lorette
lori,lori
loria,loria
loriann,loriann
lorie,lorie
lorilee,lorilee
lashawnda,lashawnda
lorinda,lorinda
loris,loris
lorita,lorita
lorna,lorna
lorraine,lorraine
lasonya,lasonya
lorretta,lorretta
latarsha,latarsha
lorri,lorri
lorriane,lorriane
lorrie,lorrie
lorrine,lorrine
lory,lory
lottie,lottie
lou,lou
louanne,louanne
louella,louella
louetta,louetta
louie,louie
louis,louis
louisa,louisa
louise,louise
loura,loura
lourdes,lourdes
lourie,lourie
love,love
lovella,lovella
lovetta,lovetta
lovie,lovie
lowell,lowell
loyce,loyce
loyd,loyd
ltd,ltd
lu,lu
luana,luana
luann,luann
luanna,luanna
luanne,luanne
luba,luba
lucas,lucas
luci,luci
lucia,lucia
luciano,luciano
lucie,lucie
lucien,lucien
lucienne,lucienne
lucila,lucila
lucilla,lucilla
lucille,lucille
lucina,lucina
lucio,lucio
lucius,lucius
lucrecia,lucrecia
lavina,lavina
lucretia,lucretia
lucy,lucy
ludie,ludie
ludivina,ludivina
luella,luella
luetta,luetta
luigi,luigi
lavonne,lavonne
luis,luis
luisa,luisa
luise,luise
luke,luke
lula,lula
lulu,lulu
luna,luna
lupe,lupe
lupita,lupita
lura,lura
lurlene,lurlene
lurline,lurline
luther,luther
luvenia,luvenia
luz,luz
lyda,lyda
lydia,lydia
lyla,lyla
lyle,lyle
lyman,lyman
lyn,lyn
lynda,lynda
lyndia,lyndia
lee,lee
lyndon,lyndon
lyndsay,lyndsay
lyndsey,lyndsey
lynell,lynell
lynelle,lynelle
lynette,lynette
lynn,lynn
lynna,lynna
lynne,lynne
lynnette,lynnette
lynsey,lynsey
lynwood,lynwood
mabel,mabel
mabelle,mabelle
mable,mable
mac,mac
machelle,machelle
macie,macie
mack,mack
mackenzie,mackenzie
macy,macy
madalene,madalene
madaline,madaline
madalyn,madalyn
maddie,maddie
made,made
madelaine,madelaine
madeleine,madeleine
madelene,madelene
madeline,madeline
madelyn,madelyn
madge,madge
madie,madie
madison,madison
madlyn,madlyn
madonna,madonna
mae,mae
maegan,maegan
mafalda,mafalda
magali,magali
magaly,magaly
magan,magan
magaret,magaret
magda,magda
magdalen,magdalen
magdalena,magdalena
magdalene,magdalene
magen,magen
maggie,maggie
magnolia,magnolia
mahalia,mahalia
mai,mai
maia,maia
maida,maida
maile,maile
maira,maira
maire,maire
maisha,maisha
maisie,maisie
major,major
majorie,majorie
make,make
makeda,makeda
makes,makes
malcolm,malcolm
malcom,malcom
malena,malena
malia,malia
malik,malik
malika,malika
malinda,malinda
malisa,malisa
lexie,lexie
malissa,malissa
malka,malka
mallie,mallie
mallory,mallory
malorie,malorie
mamie,mamie
mammie,mammie
man,man
mana,mana
manda,manda
mandi,mandi
mandie,mandie
mandy,mandy
manie,manie
manual,manual
manuel,manuel
manuela,manuela
many,many
maple,maple
mara,mara
maragaret,maragaret
maragret,maragret
maranda,maranda
marc,marc
marcel,marcel
marcela,marcela
marcelina,marcelina
marceline,marceline
marcelino,marcelino
marcell,marcell
marcella,marcella
marcelle,marcelle
marcellus,marcellus
marcelo,marcelo
marcene,marcene
marchelle,marchelle
marcia,marcia
marcie,marcie
marcos,marcos
marcus,marcus
marcy,marcy
maren,maren
marg,marg
margareta,margareta
margarett,margarett
margaretta,margaretta
margarette,margarette
margarita,margarita
margarite,margarite
margarito,margarito
margart,margart
margene,margene
margeret,margeret
margert,margert
margery,margery
marget,marget
margherita,margherita
margie,margie
margit,margit
margo,margo
margorie,margorie
margret,margret
margrett,margrett
marguerita,marguerita
marguerite,marguerite
margurite,margurite
margy,margy
marhta,marhta
mari,mari
maria,maria
loise,loise
mariah,mariah
mariam,mariam
marian,marian
mariana,mariana
marianela,marianela
mariann,mariann
marianna,marianna
marianne,marianne
mariano,mariano
maribel,maribel
maribeth,maribeth
marica,marica
maricela,maricela
maricruz,maricruz
marie,marie
mariel,mariel
mariela,mariela
mariella,mariella
marietta,marietta
mariette,mariette
mariko,mariko
marilee,marilee
marilou,marilou
marilu,marilu
marilyn,marilyn
marilynn,marilynn
marin,marin
marina,marina
marinda,marinda
marine,marine
mario,mario
marion,marion
lorina,lorina
maris,maris
lorine,lorine
marisa,marisa
marisela,marisela
marisha,marisha
marisol,marisol
marissa,marissa
marita,marita
maritza,maritza
marivel,marivel
marjory,marjory
mark,mark
marketta,marketta
markita,markita
louann,louann
markus,markus
marla,marla
marlana,marlana
marleen,marleen
marlen,marlen
marlena,marlena
marlene,marlene
marlin,marlin
marline,marline
marlo,marlo
louvenia,louvenia
marlon,marlon
marlyn,marlyn
marlys,marlys
marna,marna
marni,marni
marnie,marnie
marquerite,marquerite
marquetta,marquetta
marquis,marquis
marquita,marquita
marquitta,marquitta
marry,marry
marsha,marsha
marshall,marshall
marth,marth
martha,martha
luciana,luciana
marti,marti
martin,martin
martina,martina
martine,martine
marty,marty
lucile,lucile
marva,marva
marvel,marvel
marvella,marvella
lucinda,lucinda
marvin,marvin
marvis,marvis
marx,marx
mary,mary
marya,marya
maryalice,maryalice
maryam,maryam
lue,lue
maryann,maryann
maryanna,maryanna
maryanne,maryanne
marybelle,marybelle
marybeth,marybeth
maryellen,maryellen
maryetta,maryetta
maryjane,maryjane
maryjo,maryjo
maryland,maryland
marylee,marylee
marylin,marylin
maryln,maryln
marylou,marylou
marylouise,marylouise
marylyn,marylyn
marylynn,marylynn
maryrose,maryrose
masako,masako
mason,mason
matha,matha
mathew,mathew
mathilda,mathilda
mathilde,mathilde
matilda,matilda
matilde,matilde
matt,matt
matthew,matthew
mattie,mattie
maud,maud
maude,maude
lynetta,lynetta
maudie,maudie
maura,maura
maureen,maureen
maurice,maurice
mauricio,mauricio
maurine,maurine
maurita,maurita
ma,ma
mauro,mauro
mavis,mavis
max,max
maxie,maxie
maxima,maxima
maximina,maximina
maximo,maximo
maxine,maxine
maxwell,maxwell
maya,maya
maybe,maybe
maybell,maybell
maybelle,maybelle
maye,maye
mayme,mayme
maynard,maynard
mayola,mayola
mayra,mayra
mazie,mazie
mckenzie,mckenzie
mckinley,mckinley
me,me
meagan,meagan
meaghan,meaghan
meantime,meantime
meanwhile,meanwhile
mechelle,mechelle
meda,meda
mee,mee
meg,meg
megan,megan
meggan,meggan
meghan,meghan
meghann,meghann
mei,mei
mel,mel
melaine,melaine
melani,melani
melania,melania
melanie,melanie
melany,melany
melba,melba
melda,melda
melia,melia
melida,melida
melina,melina
melinda,melinda
melisa,melisa
melissa,melissa
melissia,melissia
melita,melita
mellie,mellie
mellisa,mellisa
mellissa,mellissa
melodee,melodee
melodi,melodi
melodie,melodie
melody,melody
melonie,melonie
melony,melony
melva,melva
malvina,malvina
melvin,melvin
melvina,melvina
mendy,mendy
mercedes,mercedes
mercedez,mercedez
mercy,mercy
meredith,meredith
meri,meri
merideth,merideth
meridith,meridith
merilyn,merilyn
merissa,merissa
merle,merle
mao,mao
merlene,merlene
merlin,merlin
merlyn,merlyn
merna,merna
merri,merri
merrie,merrie
merrilee,merrilee
merrill,merrill
marcelene,marcelene
merry,merry
mertie,mertie
mervin,mervin
meryl,meryl
meta,meta
mi,mi
mia,mia
mica,mica
micaela,micaela
micah,micah
marci,marci
michael,michael
michaela,michaela
marco,marco
michaele,michaele
michal,michal
michale,michale
mardell,mardell
micheal,micheal
michel,michel
margaret,margaret
michele,michele
margarete,margarete
michelina,michelina
micheline,micheline
michell,michell
michelle,michelle
michiko,michiko
mickey,mickey
micki,micki
marge,marge
mickie,mickie
miesha,miesha
migdalia,migdalia
mignon,mignon
miguelina,miguelina
mika,mika
mikaela,mikaela
mike,mike
mikel,mikel
miki,miki
margot,margot
mikki,mikki
milagro,milagro
milagros,milagros
milan,milan
milda,milda
mildred,mildred
miles,miles
milford,milford
milissa,milissa
millard,millard
millie,millie
million,million
milly,milly
milo,milo
milton,milton
mimi,mimi
min,min
mina,mina
minda,minda
mindi,mindi
mindy,mindy
minerva,minerva
ming,ming
minh,minh
minna,minna
minnie,minnie
minta,minta
marielle,marielle
miquel,miquel
mira,mira
miranda,miranda
mireille,mireille
mireya,mireya
miriam,miriam
mirian,mirian
mirna,mirna
mirta,mirta
mirtha,mirtha
misha,misha
miss,miss
missy,missy
misti,misti
mistie,mistie
misty,misty
mitch,mitch
mitchel,mitchel
mitchell,mitchell
mitsue,mitsue
mitsuko,mitsuko
mittie,mittie
marjorie,marjorie
mitzi,mitzi
mitzie,mitzie
miyoko,miyoko
modesto,modesto
mohamed,mohamed
mohammad,mohammad
mohammed,mohammed
moira,moira
mollie,mollie
molly,molly
moment,moment
mona,mona
monet,monet
monica,monica
monika,monika
monique,monique
monnie,monnie
monroe,monroe
monserrate,monserrate
monte,monte
monty,monty
moon,moon
mora,mora
more,more
moreover,moreover
morgan,morgan
moriah,moriah
morris,morris
marta,marta
morton,morton
mose,mose
moses,moses
moshe,moshe
most,most
mostly,mostly
mozell,mozell
mozella,mozella
mozelle,mozelle
mr,mr
mrs,mrs
much,much
mui,mui
muoi,muoi
murray,murray
must,must
my,my
myesha,myesha
myles,myles
myong,myong
myra,myra
myrl,myrl
myrle,myrle
myrna,myrna
myron,myron
myrta,myrta
myrtie,myrtie
myrtle,myrtle
myself,myself
myung,myung
n,n
nada,nada
nadene,nadene
nadia,nadia
naida,naida
nakesha,nakesha
nakia,nakia
nakisha,nakisha
nakita,nakita
nam,nam
namely,namely
nan,nan
nana,nana
nancee,nancee
nancey,nancey
nanci,nanci
nancie,nancie
nancy,nancy
nanette,nanette
nannette,nannette
nannie,nannie
naoma,naoma
naomi,naomi
napoleon,napoleon
narcisa,narcisa
natacha,natacha
natalia,natalia
natalie,natalie
natalya,natalya
natasha,natasha
natashia,natashia
nathalie,nathalie
nathanael,nathanael
nathanial,nathanial
natisha,natisha
natividad,natividad
natosha,natosha
neal,neal
near,near
necole,necole
ned,ned
neda,neda
nedra,nedra
neely,neely
neida,neida
neil,neil
neither,neither
nelda,nelda
nelia,nelia
nelida,nelida
nell,nell
nella,nella
nelle,nelle
nellie,nellie
nelly,nelly
nelson,nelson
nena,nena
nenita,nenita
neoma,neoma
neomi,neomi
nereida,nereida
nerissa,nerissa
nery,nery
nestor,nestor
neta,neta
nettie,nettie
neva,neva
nevada,nevada
never,never
nevertheless,nevertheless
neville,neville
new,new
newton,newton
next,next
nga,nga
ngan,ngan
ngoc,ngoc
nguyet,nguyet
nia,nia
nichelle,nichelle
nichol,nichol
nicholas,nicholas
nichole,nichole
melynda,melynda
nicholle,nicholle
nick,nick
nicki,nicki
nickie,nickie
nickole,nickole
nicky,nicky
nicol,nicol
nicola,nicola
nicolas,nicolas
nicolasa,nicolasa
nicole,nicole
nicolette,nicolette
nicolle,nicolle
nida,nida
nidia,nidia
niesha,niesha
nieves,nieves
nigel,nigel
niki,niki
nikia,nikia
nikita,nikita
nikki,nikki
nikole,nikole
nila,nila
nilda,nilda
nilsa,nilsa
nina,nina
nine,nine
ninety,ninety
micha,micha
ninfa,ninfa
nisha,nisha
nita,nita
no,no
noah,noah
noble,noble
nobody,nobody
nobuko,nobuko
noe,noe
noel,noel
noelia,noelia
noella,noella
noelle,noelle
noemi,noemi
nola,nola
nolan,nolan
noma,noma
nona,nona
none,none
miguel,miguel
nonetheless,nonetheless
noone,noone
nor,nor
nora,nora
norah,norah
norbert,norbert
norberto,norberto
mila,mila
noreen,noreen
noriko,noriko
norine,norine
norma,norma
norman,norman
normand,normand
not,not
nothing,nothing
nova,nova
millicent,millicent
novella,novella
now,now
nowhere,nowhere
nu,nu
nubia,nubia
numbers,numbers
nydia,nydia
nyla,nyla
o,o
obdulia,obdulia
ocie,ocie
octavia,octavia
octavio,octavio
oda,oda
odelia,odelia
odell,odell
odessa,odessa
odette,odette
odilia,odilia
odis,odis
mirella,mirella
of,of
ofelia,ofelia
off,off
often,often
oh,oh
ola,ola
olen,olen
olene,olene
oleta,oleta
olevia,olevia
olga,olga
olimpia,olimpia
olin,olin
olinda,olinda
oliva,oliva
olive,olive
oliver,oliver
olivia,olivia
ollie,ollie
olympia,olympia
oma,oma
modesta,modesta
omar,omar
omega,omega
omer,omer
omitted,omitted
on,on
moises,moises
ona,ona
once,once
one,one
oneida,oneida
ones,ones
onie,onie
onita,onita
only,only
onto,onto
opal,opal
ophelia,ophelia
or,or
oralee,oralee
oralia,oralia
ord,ord
oren,oren
oretha,oretha
orlando,orlando
orpha,orpha
orval,orval
orville,orville
oscar,oscar
ossie,ossie
osvaldo,osvaldo
oswaldo,oswaldo
otelia,otelia
muriel,muriel
otha,otha
other,other
others,others
otherwise,otherwise
otilia,otilia
otis,otis
myriam,myriam
otto,otto
ouida,ouida
our,our
ours,ours
ourselves,ourselves
myrtice,myrtice
out,out
myrtis,myrtis
over,over
owen,owen
own,own
ozell,ozell
ozella,ozella
ozie,ozie
nadine,nadine
p,p
pa,pa
pablo,pablo
page,page
pages,pages
paige,paige
palma,palma
palmer,palmer
palmira,palmira
pamala,pamala
pamela,pamela
pamelia,pamelia
pamella,pamella
pamila,pamila
pamula,pamula
pansy,pansy
paola,paola
paris,paris
parker,parker
part,part
parthenia,parthenia
particia,particia
pasquale,pasquale
pasty,pasty
pat,pat
patience,patience
nathan,nathan
patria,patria
patrica,patrica
nathaniel,nathaniel
patrice,patrice
patricia,patricia
patrina,patrina
patsy,patsy
patti,patti
pattie,pattie
patty,patty
paula,paula
paulene,paulene
paulette,paulette
pauline,pauline
paulita,paulita
paz,paz
pearl,pearl
pearle,pearle
pearlene,pearlene
pearlie,pearlie
pearline,pearline
pearly,pearly
pedro,pedro
peg,peg
peggie,peggie
peggy,peggy
pei,pei
penelope,penelope
penney,penney
penni,penni
pennie,pennie
penny,penny
per,per
percy,percy
perhaps,perhaps
perla,perla
perry,perry
pete,pete
peter,peter
petra,petra
petrina,petrina
petronila,petronila
phebe,phebe
phil,phil
philip,philip
phillip,phillip
phillis,phillis
philomena,philomena
phung,phung
phuong,phuong
nickolas,nickolas
phylicia,phylicia
phylis,phylis
phyliss,phyliss
pia,pia
piedad,piedad
pierre,pierre
ping,ping
pinkie,pinkie
piper,piper
pok,pok
polly,polly
porfirio,porfirio
porsche,porsche
porsha,porsha
porter,porter
portia,portia
pp,pp
precious,precious
preston,preston
pricilla,pricilla
prince,prince
princess,princess
priscila,priscila
priscilla,priscilla
proud,proud
providencia,providencia
prudence,prudence
q,q
qiana,qiana
queen,queen
queenie,queenie
quentin,quentin
quiana,quiana
quincy,quincy
quinn,quinn
nohemi,nohemi
quintin,quintin
quinton,quinton
quyen,quyen
r,r
rachael,rachael
rachal,rachal
racheal,racheal
rachel,rachel
rachele,rachele
norene,norene
rachell,rachell
rachelle,rachelle
racquel,racquel
rae,rae
raeann,raeann
norris,norris
raelene,raelene
rafael,rafael
rafaela,rafaela
raguel,raguel
raina,raina
raisa,raisa
raleigh,raleigh
ralph,ralph
ramiro,ramiro
ramon,ramon
ramona,ramona
ramonita,ramonita
ran,ran
rana,rana
ranae,ranae
randa,randa
randal,randal
randall,randall
randee,randee
ok,ok
randi,randi
randolph,randolph
ranee,ranee
raphael,raphael
raquel,raquel
rashad,rashad
rasheeda,rasheeda
rashida,rashida
raul,raul
raven,raven
ray,ray
raye,raye
rayford,rayford
raymon,raymon
raymond,raymond
raymonde,raymonde
raymundo,raymundo
rayna,rayna
re,re
rea,rea
reagan,reagan
reatha,reatha
reba,reba
rebbeca,rebbeca
rebbecca,rebbecca
ora,ora
rebeca,rebeca
rebecca,rebecca
rebecka,rebecka
rebekah,rebekah
recent,recent
recently,recently
reed,reed
reena,reena
ref,ref
refs,refs
refugia,refugia
refugio,refugio
regan,regan
regena,regena
regenia,regenia
reggie,reggie
regina,regina
reginald,reginald
regine,regine
reginia,reginia
reid,reid
reiko,reiko
reina,reina
reinaldo,reinaldo
reita,reita
related,related
rema,rema
remedios,remedios
remona,remona
pam,pam
rena,rena
renaldo,renaldo
renata,renata
renate,renate
renato,renato
renay,renay
pandora,pandora
renda,renda
renea,renea
renetta,renetta
renita,renita
replied,replied
research,research
ressie,ressie
reta,reta
retha,retha
retta,retta
reuben,reuben
reva,reva
rex,rex
reyes,reyes
patrick,patrick
reyna,reyna
reynaldo,reynaldo
rhea,rhea
rheba,rheba
rhett,rhett
paul,paul
rhiannon,rhiannon
rhoda,rhoda
pauletta,pauletta
rhona,rhona
paulina,paulina
rhonda,rhonda
ria,ria
ricardo,ricardo
rich,rich
richard,richard
richelle,richelle
richie,richie
rick,rick
rickey,rickey
ricki,ricki
rickie,rickie
ricky,ricky
rico,rico
rigoberto,rigoberto
rikki,rikki
riley,riley
rima,rima
rina,rina
risa,risa
rita,rita
rivka,rivka
robbi,robbi
robbie,robbie
robby,robby
robbyn,robbyn
robena,robena
robert,robert
roberta,roberta
roberto,roberto
robin,robin
robt,robt
robyn,robyn
rocco,rocco
phoebe,phoebe
rochel,rochel
rochell,rochell
rochelle,rochelle
rocio,rocio
rocky,rocky
phyllis,phyllis
rod,rod
roderick,roderick
rodger,rodger
pilar,pilar
rodney,rodney
rodolfo,rodolfo
rodrick,rodrick
rodrigo,rodrigo
rogelio,rogelio
roger,roger
roland,roland
rolanda,rolanda
rolande,rolande
rolando,rolando
rolf,rolf
rolland,rolland
roma,roma
romaine,romaine
roman,roman
romana,romana
romelia,romelia
romeo,romeo
romona,romona
pura,pura
ron,ron
rona,rona
ronald,ronald
roni,roni
ronna,ronna
ronni,ronni
ronnie,ronnie
ronny,ronny
roosevelt,roosevelt
rory,rory
rosa,rosa
rosalba,rosalba
rosalee,rosalee
rosalia,rosalia
rosalie,rosalie
rosalind,rosalind
rosalinda,rosalinda
rosaline,rosaline
rosalva,rosalva
rosalyn,rosalyn
rosamaria,rosamaria
rosamond,rosamond
rosana,rosana
rosann,rosann
rosanna,rosanna
rosanne,rosanne
rosaria,rosaria
rosario,rosario
rosaura,rosaura
roscoe,roscoe
rose,rose
roseann,roseann
roseanna,roseanna
roseanne,roseanne
roselee,roselee
roselia,roselia
roseline,roseline
rosella,rosella
randell,randell
roselle,roselle
roselyn,roselyn
randy,randy
rosemarie,rosemarie
rosemary,rosemary
rosena,rosena
rosenda,rosenda
rosendo,rosendo
rosetta,rosetta
rosette,rosette
rosia,rosia
rosie,rosie
rosina,rosina
rosio,rosio
raylene,raylene
roslyn,roslyn
ross,ross
rossana,rossana
rossie,rossie
rosy,rosy
rowena,rowena
roxana,roxana
reanna,reanna
roxane,roxane
roxann,roxann
roxanna,roxanna
roxanne,roxanne
roxie,roxie
roy,roy
royal,royal
royce,royce
reda,reda
rozanne,rozanne
rozella,rozella
ruben,ruben
rubi,rubi
rubie,rubie
rubin,rubin
rubye,rubye
rudolf,rudolf
rudolph,rudolph
rudy,rudy
rueben,rueben
rufina,rufina
rufus,rufus
run,run
rupert,rupert
russel,russel
russell,russell
rusty,rusty
ruth,ruth
rutha,rutha
ruthann,ruthann
renae,renae
ruthanne,ruthanne
ruthe,ruthe
ruthie,ruthie
ryan,ryan
ryann,ryann
s,s
rene,rene
sabina,sabina
renee,renee
sabine,sabine
sabra,sabra
renna,renna
sabrina,sabrina
sacha,sacha
sachiko,sachiko
sade,sade
sadie,sadie
sadye,sadye
sage,sage
rey,rey
said,said
sal,sal
reynalda,reynalda
salena,salena
salina,salina
salley,salley
sallie,sallie
sally,sally
salome,salome
salvador,salvador
salvatore,salvatore
sam,sam
ricarda,ricarda
samantha,samantha
samara,samara
samatha,samatha
same,same
samella,samella
samira,samira
sammie,sammie
sammy,sammy
samual,samual
samuel,samuel
sana,sana
sanda,sanda
sandee,sandee
sandi,sandi
sandie,sandie
sandra,sandra
sandy,sandy
sanford,sanford
riva,riva
sang,sang
rob,rob
sanjuana,sanjuana
sanjuanita,sanjuanita
robbin,robbin
sanora,sanora
santa,santa
santana,santana
santiago,santiago
santo,santo
santos,santos
sara,sara
sarah,sarah
sarai,sarai
saran,saran
sari,sari
sarina,sarina
sarita,sarita
sasha,sasha
saturnina,saturnina
sau,sau
saul,saul
saundra,saundra
savanna,savanna
say,say
scarlet,scarlet
scarlett,scarlett
scot,scot
scott,scott
scottie,scottie
scotty,scotty
sean,sean
search,search
season,season
sebastian,sebastian
sebrina,sebrina
sec,sec
section,section
see,see
seem,seem
seema,seema
seemed,seemed
seeming,seeming
seems,seems
ronda,ronda
selena,selena
selene,selene
selina,selina
selma,selma
sena,sena
senaida,senaida
september,september
serafina,serafina
serena,serena
sergio,sergio
serina,serina
serita,serita
rosalina,rosalina
server,server
seth,seth
seven,seven
seventy,seventy
several,several
seymour,seymour
sha,sha
shad,shad
shae,shae
shaina,shaina
shakia,shakia
shakita,shakita
shala,shala
shalanda,shalanda
shall,shall
shalon,shalon
shalonda,shalonda
shameka,shameka
shamika,shamika
shan,shan
shana,shana
shanae,shanae
shanda,shanda
shandi,shandi
shandra,shandra
shane,shane
shaneka,shaneka
shanel,shanel
shanell,shanell
shanelle,shanelle
shanice,shanice
shanika,shanika
shaniqua,shaniqua
shanita,shanita
shannan,shannan
shannon,shannon
rosita,rosita
shanon,shanon
shanta,shanta
shantae,shantae
shantay,shantay
shante,shante
shantel,shantel
shantell,shantell
shantelle,shantelle
shanti,shanti
shaquana,shaquana
shaquita,shaquita
shara,shara
roxy,roxy
sharan,sharan
sharda,sharda
sharee,sharee
sharell,sharell
sharen,sharen
shari,shari
sharice,sharice
sharie,sharie
sharika,sharika
ruby,ruby
sharilyn,sharilyn
sharla,sharla
sharleen,sharleen
sharlene,sharlene
sharmaine,sharmaine
sharolyn,sharolyn
sharon,sharon
sharri,sharri
russ,russ
sharyl,sharyl
sharyn,sharyn
shasta,shasta
shaun,shaun
shauna,shauna
shaunda,shaunda
shaunna,shaunna
shaunta,shaunta
shaunte,shaunte
shavon,shavon
shavonda,shavonda
shavonne,shavonne
shawana,shawana
shawanda,shawanda
shawanna,shawanna
shawn,shawn
shawnda,shawnda
shawnee,shawnee
shawnna,shawnna
shawnta,shawnta
shay,shay
shayla,shayla
shayna,shayna
shayne,shayne
she,she
shea,shea
sheba,sheba
shed,shed
sheena,sheena
sheila,sheila
sheilah,sheilah
shela,shela
shelba,shelba
shelby,shelby
sheldon,sheldon
shelia,shelia
shell,shell
shella,shella
shelley,shelley
shelli,shelli
shellie,shellie
shelly,shelly
shemeka,shemeka
shemika,shemika
shena,shena
shenika,shenika
shenita,shenita
shenna,shenna
shera,shera
sheree,sheree
sherell,sherell
sheri,sheri
sherice,sherice
sheridan,sheridan
sherie,sherie
santina,santina
sherika,sherika
sherill,sherill
sherilyn,sherilyn
sherise,sherise
sherita,sherita
sherlene,sherlene
sherley,sherley
sherly,sherly
sherlyn,sherlyn
sherman,sherman
sheron,sheron
sherrell,sherrell
sherri,sherri
sherrie,sherrie
sherril,sherril
savannah,savannah
sherrill,sherrill
sherron,sherron
sherry,sherry
sherryl,sherryl
sherwood,sherwood
shery,shery
sheryl,sheryl
sheryll,sheryll
shes,shes
shiela,shiela
shila,shila
shiloh,shiloh
shin,shin
shira,shira
shirely,shirely
shirl,shirl
shirlee,shirlee
shirleen,shirleen
shirlene,shirlene
shirley,shirley
shirly,shirly
shizue,shizue
shizuko,shizuko
shon,shon
shona,shona
setsuko,setsuko
shonda,shonda
shondra,shondra
shonna,shonna
shonta,shonta
shoshana,shoshana
shu,shu
shakira,shakira
shyla,shyla
sibyl,sibyl
sid,sid
sidney,sidney
sierra,sierra
signe,signe
sigrid,sigrid
silas,silas
silva,silva
silvana,silvana
silvia,silvia
sima,sima
simon,simon
simona,simona
simone,simone
simonne,simonne
sina,sina
since,since
shani,shani
sindy,sindy
siobhan,siobhan
sirena,sirena
siu,siu
shanna,shanna
six,six
sixty,sixty
skye,skye
slyvia,slyvia
so,so
socorro,socorro
sofia,sofia
soila,soila
sol,sol
solange,solange
soledad,soledad
solomon,solomon
some,some
somehow,somehow
someone,someone
somer,somer
something,something
sometime,sometime
sometimes,sometimes
somewhere,somewhere
sommer,sommer
son,son
sona,sona
sharita,sharita
sondra,sondra
song,song
sonia,sonia
sonja,sonja
sonny,sonny
sonya,sonya
sharonda,sharonda
soo,soo
sharron,sharron
sook,sook
soon,soon
sophia,sophia
sophie,sophie
soraya,soraya
sparkle,sparkle
spencer,spencer
spring,spring
stacee,stacee
stacey,stacey
staci,staci
stacia,stacia
stacie,stacie
stacy,stacy
stanford,stanford
shawna,shawna
stanley,stanley
stanton,stanton
star,star
starla,starla
starr,starr
stefan,stefan
stefani,stefani
stefania,stefania
stefanie,stefanie
stefany,stefany
steffanie,steffanie
stella,stella
stepanie,stepanie
stephan,stephan
stephane,stephane
stephani,stephani
stephania,stephania
stephanie,stephanie
stephen,stephen
stephenie,stephenie
stephine,stephine
stephnie,stephnie
sterling,sterling
shelton,shelton
steve,steve
steven,steven
stevie,stevie
stewart,stewart
still,still
stop,stop
stormy,stormy
stuart,stuart
suanne,suanne
such,such
sudie,sudie
sue,sue
sueann,sueann
suellen,suellen
suk,suk
sulema,sulema
sumiko,sumiko
summer,summer
sun,sun
sunday,sunday
sung,sung
sunni,sunni
sunny,sunny
sunshine,sunshine
susan,susan
susana,susana
susann,susann
susanna,susanna
susannah,susannah
susanne,susanne
susie,susie
susy,susy
suzan,suzan
suzann,suzann
suzanna,suzanna
suzanne,suzanne
suzette,suzette
suzi,suzi
suzy,suzy
svetlana,svetlana
sybil,sybil
syble,syble
sydney,sydney
sylvester,sylvester
sylvia,sylvia
sylvie,sylvie
synthia,synthia
syreeta,syreeta
t,t
ta,ta
tabetha,tabetha
tabitha,tabitha
tad,tad
tai,tai
taina,taina
taisha,taisha
tajuana,tajuana
takako,takako
taking,taking
takisha,takisha
talia,talia
talisha,talisha
talitha,talitha
tama,tama
tamar,tamar
tamara,tamara
tamatha,tamatha
tambra,tambra
tameika,tameika
tameka,tameka
tamekia,tamekia
tamela,tamela
tamera,tamera
tamesha,tamesha
tami,tami
tamica,tamica
tamie,tamie
tamiko,tamiko
tamisha,tamisha
sixta,sixta
tammara,tammara
tammera,tammera
tammi,tammi
tammie,tammie
tammy,tammy
tana,tana
tandra,tandra
tandy,tandy
taneka,taneka
tanesha,tanesha
tangela,tangela
tania,tania
tanika,tanika
tanja,tanja
tanna,tanna
tanner,tanner
tara,tara
tarah,tarah
taren,taren
tarra,tarra
tarsha,tarsha
taryn,taryn
tasha,tasha
tashia,tashia
tashina,tashina
tasia,tasia
tatiana,tatiana
tatum,tatum
tatyana,tatyana
taunya,taunya
tawana,tawana
tawanda,tawanda
tawanna,tawanna
tawna,tawna
tawnya,tawnya
stan,stan
taylor,taylor
tayna,tayna
ted,ted
teddy,teddy
tegan,tegan
tell,tell
stasia,stasia
telma,telma
temeka,temeka
temika,temika
tempie,tempie
temple,temple
ten,ten
tena,tena
tenesha,tenesha
stephaine,stephaine
tenisha,tenisha
tennie,tennie
tennille,tennille
teodora,teodora
teodoro,teodoro
stephany,stephany
teofila,teofila
tequila,tequila
tera,tera
tereasa,tereasa
terence,terence
teresa,teresa
teresia,teresia
teresita,teresita
teressa,teressa
teri,teri
terica,terica
su,su
terina,terina
terisa,terisa
terra,terra
terrance,terrance
terrell,terrell
terrence,terrence
terresa,terresa
terri,terri
terrie,terrie
terrilyn,terrilyn
terry,terry
tesha,tesha
tessa,tessa
tessie,tessie
thad,thad
thaddeus,thaddeus
thalia,thalia
than,than
thanh,thanh
thao,thao
that,that
thatll,thatll
thats,thats
thatve,thatve
the,the
theda,theda
their,their
thelma,thelma
them,them
suzie,suzie
themselves,themselves
then,then
thence,thence
theo,theo
theodora,theodora
theodore,theodore
theola,theola
thereafter,thereafter
thereby,thereby
thered,thered
therefore,therefore
tabatha,tabatha
therein,therein
therell,therell
therere,therere
theres,theres
theresa,theresa
therese,therese
theressa,theressa
thereupon,thereupon
thereve,thereve
theron,theron
thersa,thersa
these,these
tam,tam
theyd,theyd
tamala,tamala
theyll,theyll
theyre,theyre
theyve,theyve
thi,thi
thing,thing
think,think
thirty,thirty
this,this
thomas,thomas
thomasena,thomasena
thomasina,thomasina
thomasine,thomasine
thora,thora
tamika,tamika
those,those
though,though
thought,thought
thousand,thousand
thresa,thresa
through,through
throughout,throughout
tamra,tamra
thru,thru
thu,thu
thurman,thurman
thus,thus
thuy,thuy
tia,tia
tiana,tiana
tianna,tianna
tanisha,tanisha
tiara,tiara
tien,tien
tiera,tiera
tanya,tanya
tierra,tierra
tiesha,tiesha
tifany,tifany
tari,tari
tiffaney,tiffaney
tiffani,tiffani
tiffanie,tiffanie
tiffany,tiffany
tiffiny,tiffiny
tijuana,tijuana
til,til
tilda,tilda
till,till
tillie,tillie
tim,tim
timika,timika
timmy,timmy
timothy,timothy
tina,tina
tawny,tawny
tinisha,tinisha
tiny,tiny
tip,tip
tisa,tisa
tish,tish
teena,teena
tisha,tisha
teisha,teisha
titus,titus
to,to
tobi,tobi
tobias,tobias
tobie,tobie
toby,toby
toccara,toccara
tod,tod
together,together
toi,toi
told,told
tom,tom
tomas,tomas
tomasa,tomasa
tomeka,tomeka
tomi,tomi
tomika,tomika
tomiko,tomiko
terese,terese
tommie,tommie
tommy,tommy
tommye,tommye
tomoko,tomoko
tona,tona
tonda,tonda
tonette,tonette
toney,toney
tonia,tonia
tonie,tonie
tonisha,tonisha
tonita,tonita
tonja,tonja
tony,tony
tonya,tonya
too,too
tora,tora
tess,tess
tori,tori
torie,torie
torri,torri
torrie,torrie
tory,tory
tosha,tosha
toshia,toshia
thea,thea
toshiko,toshiko
tova,tova
towanda,towanda
towards,towards
toya,toya
tracee,tracee
traci,traci
tracie,tracie
theresia,theresia
tracy,tracy
tran,tran
trang,trang
travis,travis
treasa,treasa
treena,treena
trena,trena
trent,trent
trenton,trenton
tresa,tresa
tressa,tressa
tressie,tressie
treva,treva
trevor,trevor
trey,trey
tricia,tricia
trillion,trillion
trina,trina
trinh,trinh
trinidad,trinidad
trinity,trinity
trisha,trisha
trista,trista
tristan,tristan
troy,troy
trudi,trudi
trudie,trudie
trudy,trudy
trula,trula
truman,truman
try,try
tu,tu
tuan,tuan
tula,tula
tuyet,tuyet
twana,twana
twanda,twanda
twanna,twanna
twenty,twenty
twila,twila
two,two
twyla,twyla
ty,ty
tyesha,tyesha
tyisha,tyisha
tyler,tyler
tynisha,tynisha
todd,todd
tyra,tyra
tyree,tyree
tyron,tyron
tyrone,tyrone
tyson,tyson
u,u
ulrike,ulrike
ulysses,ulysses
un,un
una,una
under,under
unless,unless
unlike,unlike
until,until
unto,unto
up,up
toni,toni
upon,upon
ursula,ursula
us,us
used,used
usha,usha
using,using
ute,ute
v,v
vada,vada
val,val
valarie,valarie
valda,valda
valencia,valencia
valene,valene
valentin,valentin
valentina,valentina
valentine,valentine
valeri,valeri
valeria,valeria
valerie,valerie
tracey,tracey
valery,valery
valorie,valorie
valrie,valrie
van,van
vanda,vanda
vanesa,vanesa
vanessa,vanessa
vanetta,vanetta
vania,vania
vanita,vanita
vanna,vanna
vannesa,vannesa
vannessa,vannessa
vashti,vashti
vasiliki,vasiliki
vaughn,vaughn
ve,ve
veda,veda
velda,velda
velia,velia
vella,vella
velma,velma
trish,trish
velva,velva
velvet,velvet
vena,vena
venessa,venessa
venetta,venetta
venice,venice
venita,venita
vennie,vennie
venus,venus
veola,veola
vera,vera
verda,verda
verdell,verdell
verdie,verdie
verena,verena
vergie,vergie
verla,verla
verlene,verlene
verlie,verlie
verline,verline
vern,vern
verna,verna
vernell,vernell
vernetta,vernetta
vernia,vernia
tyrell,tyrell
vernice,vernice
vernie,vernie
vernita,vernita
ula,ula
vernon,vernon
verona,verona
veronica,veronica
veronika,veronika
veronique,veronique
versie,versie
vertie,vertie
very,very
vesta,vesta
veta,veta
vi,vi
via,via
vicenta,vicenta
vicente,vicente
vickey,vickey
vickie,vickie
vicky,vicky
victor,victor
victoria,victoria
vida,vida
vallie,vallie
viki,viki
vikki,vikki
vilma,vilma
vance,vance
vina,vina
vince,vince
vincent,vincent
vincenza,vincenza
vincenzo,vincenzo
vinita,vinita
vinnie,vinnie
viola,viola
violet,violet
violeta,violeta
violette,violette
virgen,virgen
virgie,virgie
virgil,virgil
virgilio,virgilio
virgina,virgina
virginia,virginia
vita,vita
vito,vito
viva,viva
vivan,vivan
vivian,vivian
viviana,viviana
vivien,vivien
vivienne,vivienne
vol,vol
vols,vols
von,von
voncile,voncile
vonda,vonda
vonnie,vonnie
vs,vs
w,w
wade,wade
wai,wai
waldo,waldo
walker,walker
wallace,wallace
wally,wally
walter,walter
walton,walton
waltraud,waltraud
wan,wan
wanda,wanda
waneta,waneta
wanetta,wanetta
wanita,wanita
ward,ward
warner,warner
warren,warren
was,was
wasnt,wasnt
wava,wava
way,way
waylon,waylon
wayne,wayne
we,we
wed,wed
vicki,vicki
wei,wei
weldon,weldon
well,well
wen,wen
victorina,victorina
wendell,wendell
wendi,wendi
wendie,wendie
wendolyn,wendolyn
wendy,wendy
wenona,wenona
went,went
were,were
werent,werent
werner,werner
wes,wes
wesley,wesley
weston,weston
weve,weve
what,what
whatever,whatever
whatll,whatll
whats,whats
whatve,whatve
when,when
whence,whence
whenever,whenever
where,where
whereafter,whereafter
whereas,whereas
whereby,whereby
wherein,wherein
wheres,wheres
whereupon,whereupon
wherever,wherever
whether,whether
which,which
while,while
whim,whim
whither,whither
whitley,whitley
whitney,whitney
who,who
whod,whod
whoever,whoever
whole,whole
wholl,wholl
whom,whom
whomever,whomever
whos,whos
whose,whose
why,why
wilber,wilber
wilbert,wilbert
wilbur,wilbur
wilburn,wilburn
wilda,wilda
wiley,wiley
wilford,wilford
wilfred,wilfred
wilfredo,wilfredo
wilhelmina,wilhelmina
wilhemina,wilhemina
will,will
willa,willa
willard,willard
willena,willena
willene,willene
willetta,willetta
willette,willette
willia,willia
william,william
williams,williams
willian,willian
willie,willie
williemae,williemae
willis,willis
willodean,willodean
willow,willow
willy,willy
wilma,wilma
wilmer,wilmer
wilson,wilson
wilton,wilton
windy,windy
winford,winford
winfred,winfred
winifred,winifred
winnie,winnie
winnifred,winnifred
winona,winona
winston,winston
winter,winter
with,with
within,within
without,without
wm,wm
wonda,wonda
wont,wont
woodrow,woodrow
words,words
wouldnt,wouldnt
wyatt,wyatt
wynell,wynell
wynona,wynona
x,x
xavier,xavier
xenia,xenia
xiao,xiao
xiomara,xiomara
xochitl,xochitl
xuan,xuan
y,y
yadira,yadira
yaeko,yaeko
yael,yael
yahaira,yahaira
yajaira,yajaira
yan,yan
yang,yang
yanira,yanira
yasmin,yasmin
yasmine,yasmine
yasuko,yasuko
yee,yee
yelena,yelena
yen,yen
yer,yer
yes,yes
yesenia,yesenia
yessenia,yessenia
yet,yet
yetta,yetta
yevette,yevette
yi,yi
ying,ying
yoko,yoko
yolanda,yolanda
yolande,yolande
yolando,yolando
yolonda,yolonda
yon,yon
yong,yong
yoshie,yoshie
yoshiko,yoshiko
you,you
youd,youd
youlanda,youlanda
youll,youll
young,young
your,your
youre,youre
yours,yours
yourself,yourself
yourselves,yourselves
youve,youve
yu,yu
yuette,yuette
yuk,yuk
yuki,yuki
yukiko,yukiko
yuko,yuko
yulanda,yulanda
yun,yun
yung,yung
yuonne,yuonne
yuri,yuri
yuriko,yuriko
yvette,yvette
yvone,yvone
yvonne,yvonne
z,z
zachariah,zachariah
zachary,zachary
zachery,zachery
zack,zack
zackary,zackary
zada,zada
zaida,zaida
zana,zana
zandra,zandra
zane,zane
zelda,zelda
zella,zella
zelma,zelma
zena,zena
zenaida,zenaida
zenia,zenia
zenobia,zenobia
zetta,zetta
zina,zina
zita,zita
zoe,zoe
zofia,zofia
zoila,zoila
zola,zola
zona,zona
zonia,zonia
zora,zora
zoraida,zoraida
zula,zula
zulema,zulema
zulma,zulma